[    1153ms] [INFO] %cDownload the React DevTools for a better development experience: https://react.dev/link/react-devtools font-weight:bold @ http://localhost:3000/_next/static/chunks/node_modules_next_dist_115brz8._.js:2431
[    1411ms] [LOG] [HMR] connected @ http://localhost:3000/_next/static/chunks/node_modules_next_dist_115brz8._.js:2431
[    2252ms] [WARNING] Package @yandex/controls@0.0.1 is deprecated. Please use https://www.npmjs.com/package/@yandex/ymaps3-default-ui-theme instead. @ http://localhost:3000/_next/static/chunks/node_modules_next_dist_115brz8._.js:2431
[    6013ms] [WARNING] The resource http://localhost:3000/_next/static/chunks/src_app_%5Blocale%5D_not-found_module_0onp7n7.css was preloaded using link preload but not used within a few seconds from the window's load event. Please make sure it has an appropriate `as` value and it is preloaded intentionally. @ http://localhost:3000/ru:0
[    6013ms] [WARNING] The resource http://localhost:3000/_next/static/chunks/src_app_not-found_module_0y2~y97.css was preloaded using link preload but not used within a few seconds from the window's load event. Please make sure it has an appropriate `as` value and it is preloaded intentionally. @ http://localhost:3000/ru:0
[    8604ms] [LOG] [Fast Refresh] rebuilding @ http://localhost:3000/_next/static/chunks/node_modules_next_dist_115brz8._.js:2431
[    8640ms] [LOG] [Fast Refresh] done in 139ms @ http://localhost:3000/_next/static/chunks/node_modules_next_dist_115brz8._.js:2431
[   11619ms] [LOG] [Fast Refresh] rebuilding @ http://localhost:3000/_next/static/chunks/node_modules_next_dist_115brz8._.js:2431
[   11847ms] [LOG] [Fast Refresh] done in 329ms @ http://localhost:3000/_next/static/chunks/node_modules_next_dist_115brz8._.js:2431
[   15540ms] [LOG] [Fast Refresh] rebuilding @ http://localhost:3000/_next/static/chunks/node_modules_next_dist_115brz8._.js:2431
[   15622ms] [LOG] [Fast Refresh] done in 185ms @ http://localhost:3000/_next/static/chunks/node_modules_next_dist_115brz8._.js:2431
[   20411ms] [LOG] [Fast Refresh] rebuilding @ http://localhost:3000/_next/static/chunks/node_modules_next_dist_115brz8._.js:2431
[   20493ms] [LOG] [Fast Refresh] done in 188ms @ http://localhost:3000/_next/static/chunks/node_modules_next_dist_115brz8._.js:2431
[   44516ms] [LOG] [Fast Refresh] rebuilding @ http://localhost:3000/_next/static/chunks/node_modules_next_dist_115brz8._.js:2431
[   44662ms] [LOG] [Fast Refresh] done in 249ms @ http://localhost:3000/_next/static/chunks/node_modules_next_dist_115brz8._.js:2431
[   94457ms] [LOG] [HMR] connected @ http://localhost:3000/_next/static/chunks/node_modules_next_dist_115brz8._.js:2431
[   97462ms] [WARNING] The resource http://localhost:3000/_next/static/chunks/src_app_%5Blocale%5D_not-found_module_0onp7n7.css was preloaded using link preload but not used within a few seconds from the window's load event. Please make sure it has an appropriate `as` value and it is preloaded intentionally. @ http://localhost:3000/ru:0
[   97462ms] [WARNING] The resource http://localhost:3000/_next/static/chunks/src_app_not-found_module_0y2~y97.css was preloaded using link preload but not used within a few seconds from the window's load event. Please make sure it has an appropriate `as` value and it is preloaded intentionally. @ http://localhost:3000/ru:0
[  102345ms] [INFO] %cDownload the React DevTools for a better development experience: https://react.dev/link/react-devtools font-weight:bold @ http://localhost:3000/_next/static/chunks/node_modules_next_dist_115brz8._.js:2431
[  102397ms] [LOG] [HMR] connected @ http://localhost:3000/_next/static/chunks/node_modules_next_dist_115brz8._.js:2431
[  102551ms] [LOG] [Fast Refresh] rebuilding @ http://localhost:3000/_next/static/chunks/node_modules_next_dist_115brz8._.js:2431
[  102666ms] [LOG] [Fast Refresh] done in 224ms @ http://localhost:3000/_next/static/chunks/node_modules_next_dist_115brz8._.js:2431
[  102740ms] [WARNING] Package @yandex/controls@0.0.1 is deprecated. Please use https://www.npmjs.com/package/@yandex/ymaps3-default-ui-theme instead. @ http://localhost:3000/_next/static/chunks/node_modules_next_dist_115brz8._.js:2431
[  104593ms] [LOG] [Fast Refresh] rebuilding @ http://localhost:3000/_next/static/chunks/node_modules_next_dist_115brz8._.js:2431
[  104706ms] [LOG] [Fast Refresh] done in 213ms @ http://localhost:3000/_next/static/chunks/node_modules_next_dist_115brz8._.js:2431
[  107557ms] [LOG] [Fast Refresh] rebuilding @ http://localhost:3000/_next/static/chunks/node_modules_next_dist_115brz8._.js:2431
[  108263ms] [LOG] [Fast Refresh] done in 808ms @ http://localhost:3000/_next/static/chunks/node_modules_next_dist_115brz8._.js:2431
[  109408ms] [LOG] [Fast Refresh] rebuilding @ http://localhost:3000/_next/static/chunks/node_modules_next_dist_115brz8._.js:2431
[  110132ms] [LOG] [Fast Refresh] done in 828ms @ http://localhost:3000/_next/static/chunks/node_modules_next_dist_115brz8._.js:2431
[  112085ms] [LOG] [Fast Refresh] rebuilding @ http://localhost:3000/_next/static/chunks/node_modules_next_dist_115brz8._.js:2431
[  112514ms] [LOG] [Fast Refresh] done in 529ms @ http://localhost:3000/_next/static/chunks/node_modules_next_dist_115brz8._.js:2431
[  114680ms] [LOG] [Fast Refresh] rebuilding @ http://localhost:3000/_next/static/chunks/node_modules_next_dist_115brz8._.js:2431
[  114907ms] [LOG] [Fast Refresh] done in 335ms @ http://localhost:3000/_next/static/chunks/node_modules_next_dist_115brz8._.js:2431
[  115389ms] [WARNING] The resource http://localhost:3000/_next/static/chunks/src_app_%5Blocale%5D_not-found_module_0onp7n7.css was preloaded using link preload but not used within a few seconds from the window's load event. Please make sure it has an appropriate `as` value and it is preloaded intentionally. @ http://localhost:3000/ru:0
[  115389ms] [WARNING] The resource http://localhost:3000/_next/static/chunks/src_app_not-found_module_0y2~y97.css was preloaded using link preload but not used within a few seconds from the window's load event. Please make sure it has an appropriate `as` value and it is preloaded intentionally. @ http://localhost:3000/ru:0
[  123974ms] [LOG] [Fast Refresh] rebuilding @ http://localhost:3000/_next/static/chunks/node_modules_next_dist_115brz8._.js:2431
[  124108ms] [LOG] [Fast Refresh] done in 242ms @ http://localhost:3000/_next/static/chunks/node_modules_next_dist_115brz8._.js:2431
[  125592ms] [LOG] [Fast Refresh] rebuilding @ http://localhost:3000/_next/static/chunks/node_modules_next_dist_115brz8._.js:2431
[  125799ms] [LOG] [Fast Refresh] done in 314ms @ http://localhost:3000/_next/static/chunks/node_modules_next_dist_115brz8._.js:2431
[  140683ms] [LOG] [Fast Refresh] rebuilding @ http://localhost:3000/_next/static/chunks/node_modules_next_dist_115brz8._.js:2431
[  140887ms] [LOG] [Fast Refresh] done in 306ms @ http://localhost:3000/_next/static/chunks/node_modules_next_dist_115brz8._.js:2431
[  142961ms] [LOG] [Fast Refresh] rebuilding @ http://localhost:3000/_next/static/chunks/node_modules_next_dist_115brz8._.js:2431
[  143323ms] [LOG] [Fast Refresh] done in 464ms @ http://localhost:3000/_next/static/chunks/node_modules_next_dist_115brz8._.js:2431
[  146264ms] [WARNING] The resource http://localhost:3000/_next/static/chunks/src_app_%5Blocale%5D_not-found_module_0onp7n7.css was preloaded using link preload but not used within a few seconds from the window's load event. Please make sure it has an appropriate `as` value and it is preloaded intentionally. @ http://localhost:3000/ru:0
[  146264ms] [WARNING] The resource http://localhost:3000/_next/static/chunks/src_app_not-found_module_0y2~y97.css was preloaded using link preload but not used within a few seconds from the window's load event. Please make sure it has an appropriate `as` value and it is preloaded intentionally. @ http://localhost:3000/ru:0
[  178315ms] [LOG] [Fast Refresh] rebuilding @ http://localhost:3000/_next/static/chunks/node_modules_next_dist_115brz8._.js:2431
[  178339ms] [LOG] [Fast Refresh] done in 127ms @ http://localhost:3000/_next/static/chunks/node_modules_next_dist_115brz8._.js:2431
[  196677ms] [LOG] [Fast Refresh] rebuilding @ http://localhost:3000/_next/static/chunks/node_modules_next_dist_115brz8._.js:2431
[  196889ms] [LOG] [Fast Refresh] done in 313ms @ http://localhost:3000/_next/static/chunks/node_modules_next_dist_115brz8._.js:2431
[  232782ms] [LOG] [Fast Refresh] rebuilding @ http://localhost:3000/_next/static/chunks/node_modules_next_dist_115brz8._.js:2431
[  233006ms] [LOG] [Fast Refresh] done in 327ms @ http://localhost:3000/_next/static/chunks/node_modules_next_dist_115brz8._.js:2431
[  253820ms] [LOG] [Fast Refresh] rebuilding @ http://localhost:3000/_next/static/chunks/node_modules_next_dist_115brz8._.js:2431
[  253853ms] [LOG] [Fast Refresh] done in 139ms @ http://localhost:3000/_next/static/chunks/node_modules_next_dist_115brz8._.js:2431
[  260116ms] [LOG] [Fast Refresh] rebuilding @ http://localhost:3000/_next/static/chunks/node_modules_next_dist_115brz8._.js:2431
[  260178ms] [LOG] [Fast Refresh] done in 166ms @ http://localhost:3000/_next/static/chunks/node_modules_next_dist_115brz8._.js:2431
[  283353ms] [LOG] [Fast Refresh] rebuilding @ http://localhost:3000/_next/static/chunks/node_modules_next_dist_115brz8._.js:2431
[  283467ms] [LOG] [Fast Refresh] done in 216ms @ http://localhost:3000/_next/static/chunks/node_modules_next_dist_115brz8._.js:2431
[  319409ms] [LOG] [Fast Refresh] rebuilding @ http://localhost:3000/_next/static/chunks/node_modules_next_dist_115brz8._.js:2431
[  319537ms] [LOG] [Fast Refresh] done in 236ms @ http://localhost:3000/_next/static/chunks/node_modules_next_dist_115brz8._.js:2431
[  340840ms] [LOG] [Fast Refresh] rebuilding @ http://localhost:3000/_next/static/chunks/node_modules_next_dist_115brz8._.js:2431
[  340873ms] [LOG] [Fast Refresh] done in 135ms @ http://localhost:3000/_next/static/chunks/node_modules_next_dist_115brz8._.js:2431
[  389751ms] [LOG] [Fast Refresh] rebuilding @ http://localhost:3000/_next/static/chunks/node_modules_next_dist_115brz8._.js:2431
[  389783ms] [LOG] [Fast Refresh] done in 134ms @ http://localhost:3000/_next/static/chunks/node_modules_next_dist_115brz8._.js:2431
[  421736ms] [LOG] [Fast Refresh] rebuilding @ http://localhost:3000/_next/static/chunks/node_modules_next_dist_115brz8._.js:2431
[  421806ms] [LOG] [Fast Refresh] done in 172ms @ http://localhost:3000/_next/static/chunks/node_modules_next_dist_115brz8._.js:2431
[  438492ms] [LOG] [Fast Refresh] rebuilding @ http://localhost:3000/_next/static/chunks/node_modules_next_dist_115brz8._.js:2431
[  438511ms] [LOG] [Fast Refresh] done in 122ms @ http://localhost:3000/_next/static/chunks/node_modules_next_dist_115brz8._.js:2431
[  442065ms] [LOG] [Fast Refresh] rebuilding @ http://localhost:3000/_next/static/chunks/node_modules_next_dist_115brz8._.js:2431
[  442081ms] [LOG] [Fast Refresh] done in 119ms @ http://localhost:3000/_next/static/chunks/node_modules_next_dist_115brz8._.js:2431
[  516087ms] [LOG] [Fast Refresh] rebuilding @ http://localhost:3000/_next/static/chunks/node_modules_next_dist_115brz8._.js:2431
[  516217ms] [LOG] [Fast Refresh] done in 233ms @ http://localhost:3000/_next/static/chunks/node_modules_next_dist_115brz8._.js:2431
[  581783ms] [LOG] [Fast Refresh] rebuilding @ http://localhost:3000/_next/static/chunks/node_modules_next_dist_115brz8._.js:2431
[  583394ms] [LOG] [Fast Refresh] done in 1719ms @ http://localhost:3000/_next/static/chunks/node_modules_next_dist_115brz8._.js:2431
[  585086ms] [WARNING] The resource http://localhost:3000/_next/static/chunks/src_app_%5Blocale%5D_not-found_module_0onp7n7.css was preloaded using link preload but not used within a few seconds from the window's load event. Please make sure it has an appropriate `as` value and it is preloaded intentionally. @ http://localhost:3000/ru:0
[  585087ms] [WARNING] The resource http://localhost:3000/_next/static/chunks/src_app_not-found_module_0y2~y97.css was preloaded using link preload but not used within a few seconds from the window's load event. Please make sure it has an appropriate `as` value and it is preloaded intentionally. @ http://localhost:3000/ru:0
[  779031ms] [ERROR] WebSocket connection to 'ws://localhost:3000/_next/webpack-hmr?id=VvebT-7k4A1arm469k4OK' failed: Error in connection establishment: net::ERR_CONNECTION_REFUSED @ http://localhost:3000/_next/static/chunks/node_modules_next_dist_client_0fhqo1d._.js:13299
[  782391ms] [ERROR] WebSocket connection to 'ws://localhost:3000/_next/webpack-hmr?id=VvebT-7k4A1arm469k4OK' failed: Error in connection establishment: net::ERR_CONNECTION_REFUSED @ http://localhost:3000/_next/static/chunks/node_modules_next_dist_client_0fhqo1d._.js:13299
[  786254ms] [LOG] [HMR] connected @ http://localhost:3000/_next/static/chunks/node_modules_next_dist_115brz8._.js:2431
[  789256ms] [WARNING] The resource http://localhost:3000/_next/static/chunks/src_app_%5Blocale%5D_not-found_module_0onp7n7.css was preloaded using link preload but not used within a few seconds from the window's load event. Please make sure it has an appropriate `as` value and it is preloaded intentionally. @ http://localhost:3000/ru:0
[  789256ms] [WARNING] The resource http://localhost:3000/_next/static/chunks/src_app_not-found_module_0y2~y97.css was preloaded using link preload but not used within a few seconds from the window's load event. Please make sure it has an appropriate `as` value and it is preloaded intentionally. @ http://localhost:3000/ru:0
[ 1099707ms] [INFO] %cDownload the React DevTools for a better development experience: https://react.dev/link/react-devtools font-weight:bold @ http://localhost:3000/_next/static/chunks/node_modules_next_dist_115brz8._.js:2431
[ 1099742ms] [LOG] [HMR] connected @ http://localhost:3000/_next/static/chunks/node_modules_next_dist_115brz8._.js:2431
[ 1099930ms] [LOG] [Fast Refresh] rebuilding @ http://localhost:3000/_next/static/chunks/node_modules_next_dist_115brz8._.js:2431
[ 1099957ms] [LOG] [Fast Refresh] done in 132ms @ http://localhost:3000/_next/static/chunks/node_modules_next_dist_115brz8._.js:2431
[ 1100335ms] [WARNING] Package @yandex/controls@0.0.1 is deprecated. Please use https://www.npmjs.com/package/@yandex/ymaps3-default-ui-theme instead. @ http://localhost:3000/_next/static/chunks/node_modules_next_dist_115brz8._.js:2431
[ 1103706ms] [WARNING] The resource http://localhost:3000/_next/static/chunks/src_app_%5Blocale%5D_not-found_module_0onp7n7.css was preloaded using link preload but not used within a few seconds from the window's load event. Please make sure it has an appropriate `as` value and it is preloaded intentionally. @ http://localhost:3000/ru:0
[ 1103706ms] [WARNING] The resource http://localhost:3000/_next/static/chunks/src_app_not-found_module_0y2~y97.css was preloaded using link preload but not used within a few seconds from the window's load event. Please make sure it has an appropriate `as` value and it is preloaded intentionally. @ http://localhost:3000/ru:0
[ 1115443ms] [LOG] [Fast Refresh] rebuilding @ http://localhost:3000/_next/static/chunks/node_modules_next_dist_115brz8._.js:2431
[ 1115464ms] [LOG] [Fast Refresh] done in 125ms @ http://localhost:3000/_next/static/chunks/node_modules_next_dist_115brz8._.js:2431
[ 1310635ms] [LOG] [Fast Refresh] rebuilding @ http://localhost:3000/_next/static/chunks/node_modules_next_dist_115brz8._.js:2431
[ 1310637ms] [LOG] [Fast Refresh] done in 108ms @ http://localhost:3000/_next/static/chunks/node_modules_next_dist_115brz8._.js:2431
[ 1346711ms] [LOG] [Fast Refresh] rebuilding @ http://localhost:3000/_next/static/chunks/node_modules_next_dist_115brz8._.js:2431
[ 1346725ms] [LOG] [Fast Refresh] done in 121ms @ http://localhost:3000/_next/static/chunks/node_modules_next_dist_115brz8._.js:2431
[ 1347083ms] [LOG] [Fast Refresh] rebuilding @ http://localhost:3000/_next/static/chunks/node_modules_next_dist_115brz8._.js:2431
[ 1347116ms] [LOG] [Fast Refresh] done in 137ms @ http://localhost:3000/_next/static/chunks/node_modules_next_dist_115brz8._.js:2431
[ 1357995ms] [LOG] [Fast Refresh] rebuilding @ http://localhost:3000/_next/static/chunks/node_modules_next_dist_115brz8._.js:2431
[ 1358131ms] [LOG] [Fast Refresh] done in 246ms @ http://localhost:3000/_next/static/chunks/node_modules_next_dist_115brz8._.js:2431
[ 1377895ms] [LOG] [Fast Refresh] rebuilding @ http://localhost:3000/_next/static/chunks/node_modules_next_dist_115brz8._.js:2431
[ 1378000ms] [LOG] [Fast Refresh] done in 218ms @ http://localhost:3000/_next/static/chunks/node_modules_next_dist_115brz8._.js:2431
[ 1451965ms] [LOG] [Fast Refresh] rebuilding @ http://localhost:3000/_next/static/chunks/node_modules_next_dist_115brz8._.js:2431
[ 1452090ms] [LOG] [Fast Refresh] done in 239ms @ http://localhost:3000/_next/static/chunks/node_modules_next_dist_115brz8._.js:2431
[ 1458859ms] [LOG] [Fast Refresh] rebuilding @ http://localhost:3000/_next/static/chunks/node_modules_next_dist_115brz8._.js:2431
[ 1458861ms] [LOG] [Fast Refresh] done in 111ms @ http://localhost:3000/_next/static/chunks/node_modules_next_dist_115brz8._.js:2431
[ 1459174ms] [LOG] [Fast Refresh] rebuilding @ http://localhost:3000/_next/static/chunks/node_modules_next_dist_115brz8._.js:2431
[ 1459223ms] [LOG] [Fast Refresh] done in 150ms @ http://localhost:3000/_next/static/chunks/node_modules_next_dist_115brz8._.js:2431
[ 1460338ms] [LOG] [Fast Refresh] rebuilding @ http://localhost:3000/_next/static/chunks/node_modules_next_dist_115brz8._.js:2431
[ 1460447ms] [LOG] [Fast Refresh] done in 209ms @ http://localhost:3000/_next/static/chunks/node_modules_next_dist_115brz8._.js:2431
[ 1461772ms] [LOG] [Fast Refresh] rebuilding @ http://localhost:3000/_next/static/chunks/node_modules_next_dist_115brz8._.js:2431
[ 1461929ms] [LOG] [Fast Refresh] done in 272ms @ http://localhost:3000/_next/static/chunks/node_modules_next_dist_115brz8._.js:2431
[ 1490881ms] [LOG] [Fast Refresh] rebuilding @ http://localhost:3000/_next/static/chunks/node_modules_next_dist_115brz8._.js:2431
[ 1490930ms] [LOG] [Fast Refresh] done in 152ms @ http://localhost:3000/_next/static/chunks/node_modules_next_dist_115brz8._.js:2431
[ 1497003ms] [LOG] [Fast Refresh] rebuilding @ http://localhost:3000/_next/static/chunks/node_modules_next_dist_115brz8._.js:2431
[ 1497110ms] [LOG] [Fast Refresh] done in 220ms @ http://localhost:3000/_next/static/chunks/node_modules_next_dist_115brz8._.js:2431
[ 1499015ms] [LOG] [Fast Refresh] rebuilding @ http://localhost:3000/_next/static/chunks/node_modules_next_dist_115brz8._.js:2431
[ 1499105ms] [LOG] [Fast Refresh] done in 196ms @ http://localhost:3000/_next/static/chunks/node_modules_next_dist_115brz8._.js:2431
[ 1535892ms] [LOG] [Fast Refresh] rebuilding @ http://localhost:3000/_next/static/chunks/node_modules_next_dist_115brz8._.js:2431
[ 1535911ms] [LOG] [Fast Refresh] done in 121ms @ http://localhost:3000/_next/static/chunks/node_modules_next_dist_115brz8._.js:2431
[ 1540532ms] [LOG] [Fast Refresh] rebuilding @ http://localhost:3000/_next/static/chunks/node_modules_next_dist_115brz8._.js:2431
[ 1540592ms] [LOG] [Fast Refresh] done in 173ms @ http://localhost:3000/_next/static/chunks/node_modules_next_dist_115brz8._.js:2431
[ 1542650ms] [LOG] [Fast Refresh] rebuilding @ http://localhost:3000/_next/static/chunks/node_modules_next_dist_115brz8._.js:2431
[ 1542726ms] [LOG] [Fast Refresh] done in 184ms @ http://localhost:3000/_next/static/chunks/node_modules_next_dist_115brz8._.js:2431
[ 1544254ms] [LOG] [Fast Refresh] rebuilding @ http://localhost:3000/_next/static/chunks/node_modules_next_dist_115brz8._.js:2431
[ 1544333ms] [LOG] [Fast Refresh] done in 190ms @ http://localhost:3000/_next/static/chunks/node_modules_next_dist_115brz8._.js:2431
[ 1584999ms] [LOG] [Fast Refresh] rebuilding @ http://localhost:3000/_next/static/chunks/node_modules_next_dist_115brz8._.js:2431
[ 1585128ms] [LOG] [Fast Refresh] done in 230ms @ http://localhost:3000/_next/static/chunks/node_modules_next_dist_115brz8._.js:2431
[ 1586538ms] [LOG] [Fast Refresh] rebuilding @ http://localhost:3000/_next/static/chunks/node_modules_next_dist_115brz8._.js:2431
[ 1586797ms] [LOG] [Fast Refresh] done in 369ms @ http://localhost:3000/_next/static/chunks/node_modules_next_dist_115brz8._.js:2431
[ 1589564ms] [LOG] [Fast Refresh] rebuilding @ http://localhost:3000/_next/static/chunks/node_modules_next_dist_115brz8._.js:2431
[ 1589690ms] [LOG] [Fast Refresh] done in 236ms @ http://localhost:3000/_next/static/chunks/node_modules_next_dist_115brz8._.js:2431
[ 1590683ms] [LOG] [Fast Refresh] rebuilding @ http://localhost:3000/_next/static/chunks/node_modules_next_dist_115brz8._.js:2431
[ 1590920ms] [LOG] [Fast Refresh] done in 344ms @ http://localhost:3000/_next/static/chunks/node_modules_next_dist_115brz8._.js:2431
[ 1593717ms] [LOG] [Fast Refresh] rebuilding @ http://localhost:3000/_next/static/chunks/node_modules_next_dist_115brz8._.js:2431
[ 1593788ms] [LOG] [Fast Refresh] done in 173ms @ http://localhost:3000/_next/static/chunks/node_modules_next_dist_115brz8._.js:2431
[ 1595730ms] [LOG] [Fast Refresh] rebuilding @ http://localhost:3000/_next/static/chunks/node_modules_next_dist_115brz8._.js:2431
[ 1595739ms] [LOG] [Fast Refresh] done in 114ms @ http://localhost:3000/_next/static/chunks/node_modules_next_dist_115brz8._.js:2431
[ 1640178ms] [LOG] [HMR] connected @ http://localhost:3000/_next/static/chunks/node_modules_next_dist_115brz8._.js:2431
[ 1643186ms] [WARNING] The resource http://localhost:3000/_next/static/chunks/src_app_%5Blocale%5D_not-found_module_0onp7n7.css was preloaded using link preload but not used within a few seconds from the window's load event. Please make sure it has an appropriate `as` value and it is preloaded intentionally. @ http://localhost:3000/ru:0
[ 1643186ms] [WARNING] The resource http://localhost:3000/_next/static/chunks/src_app_not-found_module_0y2~y97.css was preloaded using link preload but not used within a few seconds from the window's load event. Please make sure it has an appropriate `as` value and it is preloaded intentionally. @ http://localhost:3000/ru:0
[ 1648828ms] [INFO] %cDownload the React DevTools for a better development experience: https://react.dev/link/react-devtools font-weight:bold @ http://localhost:3000/_next/static/chunks/node_modules_next_dist_115brz8._.js:2431
[ 1648865ms] [LOG] [HMR] connected @ http://localhost:3000/_next/static/chunks/node_modules_next_dist_115brz8._.js:2431
[ 1649033ms] [LOG] [Fast Refresh] rebuilding @ http://localhost:3000/_next/static/chunks/node_modules_next_dist_115brz8._.js:2431
[ 1649197ms] [WARNING] Package @yandex/controls@0.0.1 is deprecated. Please use https://www.npmjs.com/package/@yandex/ymaps3-default-ui-theme instead. @ http://localhost:3000/_next/static/chunks/node_modules_next_dist_115brz8._.js:2431
[ 1649282ms] [LOG] [Fast Refresh] done in 351ms @ http://localhost:3000/_next/static/chunks/node_modules_next_dist_115brz8._.js:2431
[ 1652589ms] [WARNING] The resource http://localhost:3000/_next/static/chunks/src_app_%5Blocale%5D_not-found_module_0onp7n7.css was preloaded using link preload but not used within a few seconds from the window's load event. Please make sure it has an appropriate `as` value and it is preloaded intentionally. @ http://localhost:3000/ru:0
[ 1652589ms] [WARNING] The resource http://localhost:3000/_next/static/chunks/src_app_not-found_module_0y2~y97.css was preloaded using link preload but not used within a few seconds from the window's load event. Please make sure it has an appropriate `as` value and it is preloaded intentionally. @ http://localhost:3000/ru:0
[ 1655216ms] [LOG] [Fast Refresh] rebuilding @ http://localhost:3000/_next/static/chunks/node_modules_next_dist_115brz8._.js:2431
[ 1655233ms] [LOG] [Fast Refresh] done in 124ms @ http://localhost:3000/_next/static/chunks/node_modules_next_dist_115brz8._.js:2431
[ 1655855ms] [LOG] [Fast Refresh] rebuilding @ http://localhost:3000/_next/static/chunks/node_modules_next_dist_115brz8._.js:2431
[ 1655953ms] [LOG] [Fast Refresh] done in 206ms @ http://localhost:3000/_next/static/chunks/node_modules_next_dist_115brz8._.js:2431
[ 1658757ms] [LOG] [Fast Refresh] rebuilding @ http://localhost:3000/_next/static/chunks/node_modules_next_dist_115brz8._.js:2431
[ 1658789ms] [LOG] [Fast Refresh] done in 138ms @ http://localhost:3000/_next/static/chunks/node_modules_next_dist_115brz8._.js:2431
[ 1659332ms] [LOG] [Fast Refresh] rebuilding @ http://localhost:3000/_next/static/chunks/node_modules_next_dist_115brz8._.js:2431
[ 1659341ms] [LOG] [Fast Refresh] done in 117ms @ http://localhost:3000/_next/static/chunks/node_modules_next_dist_115brz8._.js:2431
[ 1659691ms] [LOG] [Fast Refresh] rebuilding @ http://localhost:3000/_next/static/chunks/node_modules_next_dist_115brz8._.js:2431
[ 1659692ms] [LOG] [Fast Refresh] done in 101ms @ http://localhost:3000/_next/static/chunks/node_modules_next_dist_115brz8._.js:2431
[ 1660533ms] [LOG] [Fast Refresh] rebuilding @ http://localhost:3000/_next/static/chunks/node_modules_next_dist_115brz8._.js:2431
[ 1660534ms] [LOG] [Fast Refresh] done in 114ms @ http://localhost:3000/_next/static/chunks/node_modules_next_dist_115brz8._.js:2431
[ 1716401ms] [LOG] [Fast Refresh] rebuilding @ http://localhost:3000/_next/static/chunks/node_modules_next_dist_115brz8._.js:2431
[ 1716409ms] [LOG] [Fast Refresh] done in 119ms @ http://localhost:3000/_next/static/chunks/node_modules_next_dist_115brz8._.js:2431
[ 1833389ms] [LOG] [Fast Refresh] rebuilding @ http://localhost:3000/_next/static/chunks/node_modules_next_dist_115brz8._.js:2431
[ 1834620ms] [LOG] [Fast Refresh] done in 307ms @ http://localhost:3000/_next/static/chunks/node_modules_next_dist_115brz8._.js:2431
[ 1835617ms] [LOG] [Fast Refresh] rebuilding @ http://localhost:3000/_next/static/chunks/node_modules_next_dist_115brz8._.js:2431
[ 1835801ms] [LOG] [Fast Refresh] done in 287ms @ http://localhost:3000/_next/static/chunks/node_modules_next_dist_115brz8._.js:2431
[ 1836360ms] [LOG] [Fast Refresh] rebuilding @ http://localhost:3000/_next/static/chunks/node_modules_next_dist_115brz8._.js:2431
[ 1836593ms] [LOG] [Fast Refresh] done in 333ms @ http://localhost:3000/_next/static/chunks/node_modules_next_dist_115brz8._.js:2431
[ 1836701ms] [LOG] [Fast Refresh] rebuilding @ http://localhost:3000/_next/static/chunks/node_modules_next_dist_115brz8._.js:2431
[ 1836717ms] [WARNING] The resource http://localhost:3000/_next/static/chunks/src_app_%5Blocale%5D_not-found_module_0onp7n7.css was preloaded using link preload but not used within a few seconds from the window's load event. Please make sure it has an appropriate `as` value and it is preloaded intentionally. @ http://localhost:3000/ru:0
[ 1836718ms] [WARNING] The resource http://localhost:3000/_next/static/chunks/src_app_not-found_module_0y2~y97.css was preloaded using link preload but not used within a few seconds from the window's load event. Please make sure it has an appropriate `as` value and it is preloaded intentionally. @ http://localhost:3000/ru:0
[ 1837051ms] [LOG] [Fast Refresh] done in 458ms @ http://localhost:3000/_next/static/chunks/node_modules_next_dist_115brz8._.js:2431
[ 1837351ms] [LOG] [Fast Refresh] rebuilding @ http://localhost:3000/_next/static/chunks/node_modules_next_dist_115brz8._.js:2431
[ 1837723ms] [LOG] [Fast Refresh] done in 487ms @ http://localhost:3000/_next/static/chunks/node_modules_next_dist_115brz8._.js:2431
[ 1841289ms] [WARNING] The resource http://localhost:3000/_next/static/chunks/src_app_%5Blocale%5D_not-found_module_0onp7n7.css was preloaded using link preload but not used within a few seconds from the window's load event. Please make sure it has an appropriate `as` value and it is preloaded intentionally. @ http://localhost:3000/ru:0
[ 1841289ms] [WARNING] The resource http://localhost:3000/_next/static/chunks/src_app_not-found_module_0y2~y97.css was preloaded using link preload but not used within a few seconds from the window's load event. Please make sure it has an appropriate `as` value and it is preloaded intentionally. @ http://localhost:3000/ru:0
[ 1863863ms] [LOG] [Fast Refresh] rebuilding @ http://localhost:3000/_next/static/chunks/node_modules_next_dist_115brz8._.js:2431
[ 1864314ms] [LOG] [Fast Refresh] done in 559ms @ http://localhost:3000/_next/static/chunks/node_modules_next_dist_115brz8._.js:2431
[ 1867166ms] [WARNING] The resource http://localhost:3000/_next/static/chunks/src_app_%5Blocale%5D_not-found_module_0onp7n7.css was preloaded using link preload but not used within a few seconds from the window's load event. Please make sure it has an appropriate `as` value and it is preloaded intentionally. @ http://localhost:3000/ru:0
[ 1867166ms] [WARNING] The resource http://localhost:3000/_next/static/chunks/src_app_not-found_module_0y2~y97.css was preloaded using link preload but not used within a few seconds from the window's load event. Please make sure it has an appropriate `as` value and it is preloaded intentionally. @ http://localhost:3000/ru:0
[ 1885960ms] [LOG] [HMR] connected @ http://localhost:3000/_next/static/chunks/node_modules_next_dist_115brz8._.js:2431
[ 1888964ms] [WARNING] The resource http://localhost:3000/_next/static/chunks/src_app_%5Blocale%5D_not-found_module_0onp7n7.css was preloaded using link preload but not used within a few seconds from the window's load event. Please make sure it has an appropriate `as` value and it is preloaded intentionally. @ http://localhost:3000/ru:0
[ 1888964ms] [WARNING] The resource http://localhost:3000/_next/static/chunks/src_app_not-found_module_0y2~y97.css was preloaded using link preload but not used within a few seconds from the window's load event. Please make sure it has an appropriate `as` value and it is preloaded intentionally. @ http://localhost:3000/ru:0
[ 1893635ms] [INFO] %cDownload the React DevTools for a better development experience: https://react.dev/link/react-devtools font-weight:bold @ http://localhost:3000/_next/static/chunks/node_modules_next_dist_115brz8._.js:2431
[ 1893686ms] [LOG] [HMR] connected @ http://localhost:3000/_next/static/chunks/node_modules_next_dist_115brz8._.js:2431
[ 1893870ms] [LOG] [Fast Refresh] rebuilding @ http://localhost:3000/_next/static/chunks/node_modules_next_dist_115brz8._.js:2431
[ 1894016ms] [LOG] [Fast Refresh] done in 252ms @ http://localhost:3000/_next/static/chunks/node_modules_next_dist_115brz8._.js:2431
[ 1894067ms] [WARNING] Package @yandex/controls@0.0.1 is deprecated. Please use https://www.npmjs.com/package/@yandex/ymaps3-default-ui-theme instead. @ http://localhost:3000/_next/static/chunks/node_modules_next_dist_115brz8._.js:2431
[ 1901186ms] [WARNING] The resource http://localhost:3000/_next/static/chunks/src_app_%5Blocale%5D_not-found_module_0onp7n7.css was preloaded using link preload but not used within a few seconds from the window's load event. Please make sure it has an appropriate `as` value and it is preloaded intentionally. @ http://localhost:3000/ru:0
[ 1901186ms] [WARNING] The resource http://localhost:3000/_next/static/chunks/src_app_not-found_module_0y2~y97.css was preloaded using link preload but not used within a few seconds from the window's load event. Please make sure it has an appropriate `as` value and it is preloaded intentionally. @ http://localhost:3000/ru:0
[ 1922518ms] [LOG] [Fast Refresh] rebuilding @ http://localhost:3000/_next/static/chunks/node_modules_next_dist_115brz8._.js:2431
[ 1922539ms] [LOG] [Fast Refresh] done in 125ms @ http://localhost:3000/_next/static/chunks/node_modules_next_dist_115brz8._.js:2431
[ 1925805ms] [LOG] [Fast Refresh] rebuilding @ http://localhost:3000/_next/static/chunks/node_modules_next_dist_115brz8._.js:2431
[ 1925810ms] [LOG] [Fast Refresh] done in 107ms @ http://localhost:3000/_next/static/chunks/node_modules_next_dist_115brz8._.js:2431
[ 1988030ms] [LOG] [Fast Refresh] rebuilding @ http://localhost:3000/_next/static/chunks/node_modules_next_dist_115brz8._.js:2431
[ 1988047ms] [LOG] [Fast Refresh] done in 118ms @ http://localhost:3000/_next/static/chunks/node_modules_next_dist_115brz8._.js:2431
[ 2043948ms] [LOG] [Fast Refresh] rebuilding @ http://localhost:3000/_next/static/chunks/node_modules_next_dist_115brz8._.js:2431
[ 2043975ms] [LOG] [Fast Refresh] done in 134ms @ http://localhost:3000/_next/static/chunks/node_modules_next_dist_115brz8._.js:2431
[ 2061576ms] [LOG] [Fast Refresh] rebuilding @ http://localhost:3000/_next/static/chunks/node_modules_next_dist_115brz8._.js:2431
[ 2061607ms] [LOG] [Fast Refresh] done in 137ms @ http://localhost:3000/_next/static/chunks/node_modules_next_dist_115brz8._.js:2431
[ 2082265ms] [LOG] [Fast Refresh] rebuilding @ http://localhost:3000/_next/static/chunks/node_modules_next_dist_115brz8._.js:2431
[ 2082334ms] [LOG] [Fast Refresh] done in 169ms @ http://localhost:3000/_next/static/chunks/node_modules_next_dist_115brz8._.js:2431
[ 2082532ms] [LOG] [Fast Refresh] rebuilding @ http://localhost:3000/_next/static/chunks/node_modules_next_dist_115brz8._.js:2431
[ 2082540ms] [LOG] [Fast Refresh] done in 112ms @ http://localhost:3000/_next/static/chunks/node_modules_next_dist_115brz8._.js:2431
[ 2083224ms] [LOG] [Fast Refresh] rebuilding @ http://localhost:3000/_next/static/chunks/node_modules_next_dist_115brz8._.js:2431
[ 2083332ms] [LOG] [Fast Refresh] done in 212ms @ http://localhost:3000/_next/static/chunks/node_modules_next_dist_115brz8._.js:2431
[ 2084092ms] [LOG] [Fast Refresh] rebuilding @ http://localhost:3000/_next/static/chunks/node_modules_next_dist_115brz8._.js:2431
[ 2084152ms] [LOG] [Fast Refresh] done in 163ms @ http://localhost:3000/_next/static/chunks/node_modules_next_dist_115brz8._.js:2431
[ 2096427ms] [LOG] [Fast Refresh] rebuilding @ http://localhost:3000/_next/static/chunks/node_modules_next_dist_115brz8._.js:2431
[ 2096434ms] [LOG] [Fast Refresh] done in 107ms @ http://localhost:3000/_next/static/chunks/node_modules_next_dist_115brz8._.js:2431
[ 2099342ms] [LOG] [Fast Refresh] rebuilding @ http://localhost:3000/_next/static/chunks/node_modules_next_dist_115brz8._.js:2431
[ 2099367ms] [LOG] [Fast Refresh] done in 128ms @ http://localhost:3000/_next/static/chunks/node_modules_next_dist_115brz8._.js:2431
[ 2099555ms] [LOG] [Fast Refresh] rebuilding @ http://localhost:3000/_next/static/chunks/node_modules_next_dist_115brz8._.js:2431
[ 2099576ms] [LOG] [Fast Refresh] done in 125ms @ http://localhost:3000/_next/static/chunks/node_modules_next_dist_115brz8._.js:2431
[ 2109923ms] [LOG] [Fast Refresh] rebuilding @ http://localhost:3000/_next/static/chunks/node_modules_next_dist_115brz8._.js:2431
[ 2109931ms] [LOG] [Fast Refresh] done in 110ms @ http://localhost:3000/_next/static/chunks/node_modules_next_dist_115brz8._.js:2431
[ 2110078ms] [LOG] [Fast Refresh] rebuilding @ http://localhost:3000/_next/static/chunks/node_modules_next_dist_115brz8._.js:2431
[ 2110256ms] [LOG] [Fast Refresh] done in 286ms @ http://localhost:3000/_next/static/chunks/node_modules_next_dist_115brz8._.js:2431
[ 2116652ms] [LOG] [Fast Refresh] rebuilding @ http://localhost:3000/_next/static/chunks/node_modules_next_dist_115brz8._.js:2431
[ 2116680ms] [LOG] [Fast Refresh] done in 134ms @ http://localhost:3000/_next/static/chunks/node_modules_next_dist_115brz8._.js:2431
[ 2117895ms] [LOG] [Fast Refresh] rebuilding @ http://localhost:3000/_next/static/chunks/node_modules_next_dist_115brz8._.js:2431
[ 2119243ms] [LOG] [Fast Refresh] done in 1450ms @ http://localhost:3000/_next/static/chunks/node_modules_next_dist_115brz8._.js:2431
[ 2121198ms] [WARNING] The resource http://localhost:3000/_next/static/chunks/src_app_%5Blocale%5D_not-found_module_0onp7n7.css was preloaded using link preload but not used within a few seconds from the window's load event. Please make sure it has an appropriate `as` value and it is preloaded intentionally. @ http://localhost:3000/ru:0
[ 2121198ms] [WARNING] The resource http://localhost:3000/_next/static/chunks/src_app_not-found_module_0y2~y97.css was preloaded using link preload but not used within a few seconds from the window's load event. Please make sure it has an appropriate `as` value and it is preloaded intentionally. @ http://localhost:3000/ru:0
[ 2139059ms] [LOG] [Fast Refresh] rebuilding @ http://localhost:3000/_next/static/chunks/node_modules_next_dist_115brz8._.js:2431
[ 2139082ms] [LOG] [Fast Refresh] done in 128ms @ http://localhost:3000/_next/static/chunks/node_modules_next_dist_115brz8._.js:2431
[ 2151848ms] [LOG] [Fast Refresh] rebuilding @ http://localhost:3000/_next/static/chunks/node_modules_next_dist_115brz8._.js:2431
[ 2151858ms] [LOG] [Fast Refresh] done in 115ms @ http://localhost:3000/_next/static/chunks/node_modules_next_dist_115brz8._.js:2431
[ 2171394ms] [LOG] [Fast Refresh] rebuilding @ http://localhost:3000/_next/static/chunks/node_modules_next_dist_115brz8._.js:2431
[ 2171416ms] [LOG] [Fast Refresh] done in 124ms @ http://localhost:3000/_next/static/chunks/node_modules_next_dist_115brz8._.js:2431
[ 2174072ms] [LOG] [Fast Refresh] rebuilding @ http://localhost:3000/_next/static/chunks/node_modules_next_dist_115brz8._.js:2431
[ 2174092ms] [LOG] [Fast Refresh] done in 126ms @ http://localhost:3000/_next/static/chunks/node_modules_next_dist_115brz8._.js:2431
[ 2191991ms] [LOG] [Fast Refresh] rebuilding @ http://localhost:3000/_next/static/chunks/node_modules_next_dist_115brz8._.js:2431
[ 2191998ms] [LOG] [Fast Refresh] done in 113ms @ http://localhost:3000/_next/static/chunks/node_modules_next_dist_115brz8._.js:2431
[ 2196980ms] [LOG] [Fast Refresh] rebuilding @ http://localhost:3000/_next/static/chunks/node_modules_next_dist_115brz8._.js:2431
[ 2197004ms] [LOG] [Fast Refresh] done in 125ms @ http://localhost:3000/_next/static/chunks/node_modules_next_dist_115brz8._.js:2431
[ 2202217ms] [LOG] [Fast Refresh] rebuilding @ http://localhost:3000/_next/static/chunks/node_modules_next_dist_115brz8._.js:2431
[ 2202249ms] [LOG] [Fast Refresh] done in 134ms @ http://localhost:3000/_next/static/chunks/node_modules_next_dist_115brz8._.js:2431
[ 2299974ms] [LOG] [Fast Refresh] rebuilding @ http://localhost:3000/_next/static/chunks/node_modules_next_dist_115brz8._.js:2431
[ 2299994ms] [LOG] [Fast Refresh] done in 122ms @ http://localhost:3000/_next/static/chunks/node_modules_next_dist_115brz8._.js:2431
[ 2407947ms] [LOG] [Fast Refresh] rebuilding @ http://localhost:3000/_next/static/chunks/node_modules_next_dist_115brz8._.js:2431
[ 2407963ms] [LOG] [Fast Refresh] done in 122ms @ http://localhost:3000/_next/static/chunks/node_modules_next_dist_115brz8._.js:2431
[ 2446540ms] [LOG] [Fast Refresh] rebuilding @ http://localhost:3000/_next/static/chunks/node_modules_next_dist_115brz8._.js:2431
[ 2446553ms] [LOG] [Fast Refresh] done in 114ms @ http://localhost:3000/_next/static/chunks/node_modules_next_dist_115brz8._.js:2431
[ 2447967ms] [LOG] [Fast Refresh] rebuilding @ http://localhost:3000/_next/static/chunks/node_modules_next_dist_115brz8._.js:2431
[ 2447984ms] [LOG] [Fast Refresh] done in 123ms @ http://localhost:3000/_next/static/chunks/node_modules_next_dist_115brz8._.js:2431
[ 2449541ms] [LOG] [Fast Refresh] rebuilding @ http://localhost:3000/_next/static/chunks/node_modules_next_dist_115brz8._.js:2431
[ 2449558ms] [LOG] [Fast Refresh] done in 122ms @ http://localhost:3000/_next/static/chunks/node_modules_next_dist_115brz8._.js:2431
[ 2549454ms] [LOG] [Fast Refresh] rebuilding @ http://localhost:3000/_next/static/chunks/node_modules_next_dist_115brz8._.js:2431
[ 2549457ms] [LOG] [Fast Refresh] done in 104ms @ http://localhost:3000/_next/static/chunks/node_modules_next_dist_115brz8._.js:2431
[ 2553749ms] [LOG] [Fast Refresh] rebuilding @ http://localhost:3000/_next/static/chunks/node_modules_next_dist_115brz8._.js:2431
[ 2553838ms] [LOG] [Fast Refresh] done in 194ms @ http://localhost:3000/_next/static/chunks/node_modules_next_dist_115brz8._.js:2431
[ 2560371ms] [LOG] [Fast Refresh] rebuilding @ http://localhost:3000/_next/static/chunks/node_modules_next_dist_115brz8._.js:2431
[ 2560528ms] [LOG] [Fast Refresh] done in 261ms @ http://localhost:3000/_next/static/chunks/node_modules_next_dist_115brz8._.js:2431
[ 2566506ms] [LOG] [Fast Refresh] rebuilding @ http://localhost:3000/_next/static/chunks/node_modules_next_dist_115brz8._.js:2431
[ 2567268ms] [LOG] [Fast Refresh] done in 76ms @ http://localhost:3000/_next/static/chunks/node_modules_next_dist_115brz8._.js:2431
[ 2567655ms] [LOG] [Fast Refresh] rebuilding @ http://localhost:3000/_next/static/chunks/node_modules_next_dist_115brz8._.js:2431
[ 2567887ms] [LOG] [Fast Refresh] done in 334ms @ http://localhost:3000/_next/static/chunks/node_modules_next_dist_115brz8._.js:2431
[ 2569215ms] [LOG] [Fast Refresh] rebuilding @ http://localhost:3000/_next/static/chunks/node_modules_next_dist_115brz8._.js:2431
[ 2569554ms] [LOG] [Fast Refresh] done in 442ms @ http://localhost:3000/_next/static/chunks/node_modules_next_dist_115brz8._.js:2431
[ 2569698ms] [LOG] [Fast Refresh] rebuilding @ http://localhost:3000/_next/static/chunks/node_modules_next_dist_115brz8._.js:2431
[ 2569886ms] [WARNING] The resource http://localhost:3000/_next/static/chunks/src_app_%5Blocale%5D_not-found_module_0onp7n7.css was preloaded using link preload but not used within a few seconds from the window's load event. Please make sure it has an appropriate `as` value and it is preloaded intentionally. @ http://localhost:3000/ru:0
[ 2569886ms] [WARNING] The resource http://localhost:3000/_next/static/chunks/src_app_not-found_module_0y2~y97.css was preloaded using link preload but not used within a few seconds from the window's load event. Please make sure it has an appropriate `as` value and it is preloaded intentionally. @ http://localhost:3000/ru:0
[ 2571110ms] [LOG] [Fast Refresh] done in 1518ms @ http://localhost:3000/_next/static/chunks/node_modules_next_dist_115brz8._.js:2431
[ 2571229ms] [LOG] [Fast Refresh] rebuilding @ http://localhost:3000/_next/static/chunks/node_modules_next_dist_115brz8._.js:2431
[ 2573580ms] [ERROR] Failed to load resource: net::ERR_INSUFFICIENT_RESOURCES @ http://localhost:3000/ru?_rsc=9ftdb:0
[ 2573582ms] [ERROR] Failed to fetch RSC payload for http://localhost:3000/ru. Falling back to browser navigation. TypeError: Failed to fetch
    at createFetch (http://localhost:3000/_next/static/chunks/node_modules_next_dist_client_0fhqo1d._.js:8084:21)
    at fetchServerResponse (http://localhost:3000/_next/static/chunks/node_modules_next_dist_client_0fhqo1d._.js:7928:27)
    at fetchMissingDynamicData (http://localhost:3000/_next/static/chunks/node_modules_next_dist_client_0fhqo1d._.js:9341:75)
    at spawnDynamicRequests (http://localhost:3000/_next/static/chunks/node_modules_next_dist_client_0fhqo1d._.js:9149:35)
    at navigateToKnownRoute (http://localhost:3000/_next/static/chunks/node_modules_next_dist_client_0fhqo1d._.js:10033:54)
    at refreshDynamicData (http://localhost:3000/_next/static/chunks/node_modules_next_dist_client_0fhqo1d._.js:10653:49)
    at hmrRefreshReducer (http://localhost:3000/_next/static/chunks/node_modules_next_dist_client_0fhqo1d._.js:10802:51)
    at clientReducer (http://localhost:3000/_next/static/chunks/node_modules_next_dist_client_0fhqo1d._.js:11398:65)
    at Object.action (http://localhost:3000/_next/static/chunks/node_modules_next_dist_client_0fhqo1d._.js:11631:55)
    at runAction (http://localhost:3000/_next/static/chunks/node_modules_next_dist_client_0fhqo1d._.js:11536:38)
    at dispatchAction (http://localhost:3000/_next/static/chunks/node_modules_next_dist_client_0fhqo1d._.js:11599:9)
    at Object.dispatch (http://localhost:3000/_next/static/chunks/node_modules_next_dist_client_0fhqo1d._.js:11629:40)
    at http://localhost:3000/_next/static/chunks/node_modules_next_dist_client_0fhqo1d._.js:963:29
    at startTransition (http://localhost:3000/_next/static/chunks/node_modules_next_dist_compiled_react-dom_058-ah~._.js:5469:31)
    at nextDispatch (http://localhost:3000/_next/static/chunks/node_modules_next_dist_client_0fhqo1d._.js:962:13)
    at dispatchAppRouterAction (http://localhost:3000/_next/static/chunks/node_modules_next_dist_client_0fhqo1d._.js:922:5)
    at http://localhost:3000/_next/static/chunks/node_modules_next_dist_client_0fhqo1d._.js:11800:61
    at startTransition (http://localhost:3000/_next/static/chunks/node_modules_next_dist_compiled_0rpq4pf._.js:1279:31)
    at Object.hmrRefresh (http://localhost:3000/_next/static/chunks/node_modules_next_dist_client_0fhqo1d._.js:11799:40)
    at http://localhost:3000/_next/static/chunks/node_modules_next_dist_client_0fhqo1d._.js:13967:64
    at startTransition (http://localhost:3000/_next/static/chunks/node_modules_next_dist_compiled_0rpq4pf._.js:1279:31)
    at processMessage (http://localhost:3000/_next/static/chunks/node_modules_next_dist_client_0fhqo1d._.js:13966:44)
    at WebSocket.handleMessage (http://localhost:3000/_next/static/chunks/node_modules_next_dist_client_0fhqo1d._.js:13335:52) @ http://localhost:3000/_next/static/chunks/node_modules_next_dist_115brz8._.js:3272
[ 2573814ms] [LOG] [Fast Refresh] done in 2688ms @ http://localhost:3000/_next/static/chunks/node_modules_next_dist_115brz8._.js:2431
[ 2574780ms] [LOG] [Fast Refresh] rebuilding @ http://localhost:3000/_next/static/chunks/node_modules_next_dist_115brz8._.js:2431
[ 2575414ms] [LOG] [Fast Refresh] done in 746ms @ http://localhost:3000/_next/static/chunks/node_modules_next_dist_115brz8._.js:2431
[ 2575521ms] [LOG] [Fast Refresh] rebuilding @ http://localhost:3000/_next/static/chunks/node_modules_next_dist_115brz8._.js:2431
[ 2575840ms] [LOG] [Fast Refresh] done in 425ms @ http://localhost:3000/_next/static/chunks/node_modules_next_dist_115brz8._.js:2431
[ 2576419ms] [INFO] %cDownload the React DevTools for a better development experience: https://react.dev/link/react-devtools font-weight:bold @ http://localhost:3000/_next/static/chunks/node_modules_next_dist_115brz8._.js:2431
[ 2576473ms] [LOG] [HMR] connected @ http://localhost:3000/_next/static/chunks/node_modules_next_dist_115brz8._.js:2431
[ 2576603ms] [LOG] [Fast Refresh] rebuilding @ http://localhost:3000/_next/static/chunks/node_modules_next_dist_115brz8._.js:2431
[ 2576844ms] [WARNING] Package @yandex/controls@0.0.1 is deprecated. Please use https://www.npmjs.com/package/@yandex/ymaps3-default-ui-theme instead. @ http://localhost:3000/_next/static/chunks/node_modules_next_dist_115brz8._.js:2431
[ 2576889ms] [LOG] [Fast Refresh] done in 393ms @ http://localhost:3000/_next/static/chunks/node_modules_next_dist_115brz8._.js:2431
[ 2578696ms] [WARNING] WebGL: CONTEXT_LOST_WEBGL: loseContext: context lost @ http://localhost:3000/ru:0
[ 2578711ms] [ERROR] Error: vector: internal error
    at Te._46_onVectorError (https://yastatic.net/s3/front-maps-static/maps-front-jsapi-3/3.0.19287993/out/yandex/build/bundles/main.js:1:369499)
    at https://yastatic.net/s3/front-maps-static/maps-front-jsapi-3/3.0.19287993/out/yandex/build/bundles/main.js:1:365712
    at re._emit (https://yastatic.net/s3/front-maps-static/maps-front-jsapi-3/3.0.19287993/out/yandex/build/bundles/main.js:1:215937)
    at https://yastatic.net/s3/front-maps-static/maps-front-jsapi-3/3.0.19287993/out/yandex/build/bundles/vector.js:1:27990
    at m.fire (https://yastatic.net/s3/front-maps-static/maps-front-jsapi-3/3.0.19287993/out/yandex/build/bundles/vector.js:1:87005)
    at push.63282.Bi.constructor._onContextLost (https://yastatic.net/s3/front-maps-static/maps-front-jsapi-3/3.0.19287993/out/yandex/build/bundles/vector.js:1:167637)
    at m.fire (https://yastatic.net/s3/front-maps-static/maps-front-jsapi-3/3.0.19287993/out/yandex/build/bundles/vector.js:1:87005)
    at push.63282.ki.constructor._contextLostListener (https://yastatic.net/s3/front-maps-static/maps-front-jsapi-3/3.0.19287993/out/yandex/build/bundles/vector.js:1:177418) @ http://localhost:3000/_next/static/chunks/node_modules_next_dist_115brz8._.js:3272
[ 2581752ms] [WARNING] The resource http://localhost:3000/_next/static/chunks/src_app_%5Blocale%5D_not-found_module_0onp7n7.css was preloaded using link preload but not used within a few seconds from the window's load event. Please make sure it has an appropriate `as` value and it is preloaded intentionally. @ http://localhost:3000/ru:0
[ 2581753ms] [WARNING] The resource http://localhost:3000/_next/static/chunks/src_app_not-found_module_0y2~y97.css was preloaded using link preload but not used within a few seconds from the window's load event. Please make sure it has an appropriate `as` value and it is preloaded intentionally. @ http://localhost:3000/ru:0
[ 2592022ms] [WARNING] The resource http://localhost:3000/_next/static/chunks/src_app_%5Blocale%5D_not-found_module_0onp7n7.css was preloaded using link preload but not used within a few seconds from the window's load event. Please make sure it has an appropriate `as` value and it is preloaded intentionally. @ http://localhost:3000/ru:0
[ 2592022ms] [WARNING] The resource http://localhost:3000/_next/static/chunks/src_app_not-found_module_0y2~y97.css was preloaded using link preload but not used within a few seconds from the window's load event. Please make sure it has an appropriate `as` value and it is preloaded intentionally. @ http://localhost:3000/ru:0
[ 2605805ms] [LOG] [Fast Refresh] rebuilding @ http://localhost:3000/_next/static/chunks/node_modules_next_dist_115brz8._.js:2431
[ 2605841ms] [LOG] [Fast Refresh] done in 74ms @ http://localhost:3000/_next/static/chunks/node_modules_next_dist_115brz8._.js:2431
[ 2605946ms] [LOG] [Fast Refresh] rebuilding @ http://localhost:3000/_next/static/chunks/node_modules_next_dist_115brz8._.js:2431
[ 2607162ms] [LOG] [Fast Refresh] done in 1318ms @ http://localhost:3000/_next/static/chunks/node_modules_next_dist_115brz8._.js:2431
[ 2607299ms] [LOG] [Fast Refresh] rebuilding @ http://localhost:3000/_next/static/chunks/node_modules_next_dist_115brz8._.js:2431
[ 2607604ms] [LOG] [Fast Refresh] done in 411ms @ http://localhost:3000/_next/static/chunks/node_modules_next_dist_115brz8._.js:2431
[ 2608958ms] [LOG] [Fast Refresh] rebuilding @ http://localhost:3000/_next/static/chunks/node_modules_next_dist_115brz8._.js:2431
[ 2609149ms] [WARNING] The resource http://localhost:3000/_next/static/chunks/src_app_%5Blocale%5D_not-found_module_0onp7n7.css was preloaded using link preload but not used within a few seconds from the window's load event. Please make sure it has an appropriate `as` value and it is preloaded intentionally. @ http://localhost:3000/ru:0
[ 2609149ms] [WARNING] The resource http://localhost:3000/_next/static/chunks/src_app_not-found_module_0y2~y97.css was preloaded using link preload but not used within a few seconds from the window's load event. Please make sure it has an appropriate `as` value and it is preloaded intentionally. @ http://localhost:3000/ru:0
[ 2609250ms] [LOG] [Fast Refresh] done in 396ms @ http://localhost:3000/_next/static/chunks/node_modules_next_dist_115brz8._.js:2431
[ 2609355ms] [LOG] [Fast Refresh] rebuilding @ http://localhost:3000/_next/static/chunks/node_modules_next_dist_115brz8._.js:2431
[ 2609775ms] [LOG] [Fast Refresh] done in 523ms @ http://localhost:3000/_next/static/chunks/node_modules_next_dist_115brz8._.js:2431
[ 2609908ms] [LOG] [Fast Refresh] rebuilding @ http://localhost:3000/_next/static/chunks/node_modules_next_dist_115brz8._.js:2431
[ 2610215ms] [LOG] [Fast Refresh] done in 408ms @ http://localhost:3000/_next/static/chunks/node_modules_next_dist_115brz8._.js:2431
[ 2610685ms] [LOG] [Fast Refresh] rebuilding @ http://localhost:3000/_next/static/chunks/node_modules_next_dist_115brz8._.js:2431
[ 2611532ms] [LOG] [Fast Refresh] done in 949ms @ http://localhost:3000/_next/static/chunks/node_modules_next_dist_115brz8._.js:2431
[ 2611697ms] [LOG] [Fast Refresh] rebuilding @ http://localhost:3000/_next/static/chunks/node_modules_next_dist_115brz8._.js:2431
[ 2612605ms] [LOG] [Fast Refresh] done in 1015ms @ http://localhost:3000/_next/static/chunks/node_modules_next_dist_115brz8._.js:2431
[ 2613109ms] [LOG] [Fast Refresh] rebuilding @ http://localhost:3000/_next/static/chunks/node_modules_next_dist_115brz8._.js:2431
[ 2613185ms] [LOG] [Fast Refresh] done in 180ms @ http://localhost:3000/_next/static/chunks/node_modules_next_dist_115brz8._.js:2431
[ 2613370ms] [LOG] [Fast Refresh] rebuilding @ http://localhost:3000/_next/static/chunks/node_modules_next_dist_115brz8._.js:2431
[ 2613766ms] [LOG] [Fast Refresh] done in 502ms @ http://localhost:3000/_next/static/chunks/node_modules_next_dist_115brz8._.js:2431
[ 2614379ms] [LOG] [Fast Refresh] rebuilding @ http://localhost:3000/_next/static/chunks/node_modules_next_dist_115brz8._.js:2431
[ 2614509ms] [LOG] [Fast Refresh] done in 234ms @ http://localhost:3000/_next/static/chunks/node_modules_next_dist_115brz8._.js:2431
[ 2617032ms] [WARNING] The resource http://localhost:3000/_next/static/chunks/src_app_%5Blocale%5D_not-found_module_0onp7n7.css was preloaded using link preload but not used within a few seconds from the window's load event. Please make sure it has an appropriate `as` value and it is preloaded intentionally. @ http://localhost:3000/ru:0
[ 2617032ms] [WARNING] The resource http://localhost:3000/_next/static/chunks/src_app_not-found_module_0y2~y97.css was preloaded using link preload but not used within a few seconds from the window's load event. Please make sure it has an appropriate `as` value and it is preloaded intentionally. @ http://localhost:3000/ru:0
[ 2625391ms] [LOG] [Fast Refresh] rebuilding @ http://localhost:3000/_next/static/chunks/node_modules_next_dist_115brz8._.js:2431
[ 2625412ms] [LOG] [Fast Refresh] done in 125ms @ http://localhost:3000/_next/static/chunks/node_modules_next_dist_115brz8._.js:2431
[ 2625516ms] [LOG] [Fast Refresh] rebuilding @ http://localhost:3000/_next/static/chunks/node_modules_next_dist_115brz8._.js:2431
[ 2625523ms] [LOG] [Fast Refresh] done in 111ms @ http://localhost:3000/_next/static/chunks/node_modules_next_dist_115brz8._.js:2431
[ 2643680ms] [LOG] [Fast Refresh] rebuilding @ http://localhost:3000/_next/static/chunks/node_modules_next_dist_115brz8._.js:2431
[ 2644638ms] [LOG] [Fast Refresh] done in 76ms @ http://localhost:3000/_next/static/chunks/node_modules_next_dist_115brz8._.js:2431
[ 2646241ms] [LOG] [Fast Refresh] rebuilding @ http://localhost:3000/_next/static/chunks/node_modules_next_dist_115brz8._.js:2431
[ 2647021ms] [WARNING] The resource http://localhost:3000/_next/static/chunks/src_app_%5Blocale%5D_not-found_module_0onp7n7.css was preloaded using link preload but not used within a few seconds from the window's load event. Please make sure it has an appropriate `as` value and it is preloaded intentionally. @ http://localhost:3000/ru:0
[ 2647021ms] [WARNING] The resource http://localhost:3000/_next/static/chunks/src_app_not-found_module_0y2~y97.css was preloaded using link preload but not used within a few seconds from the window's load event. Please make sure it has an appropriate `as` value and it is preloaded intentionally. @ http://localhost:3000/ru:0
[ 2647068ms] [LOG] [Fast Refresh] done in 930ms @ http://localhost:3000/_next/static/chunks/node_modules_next_dist_115brz8._.js:2431
[ 2647242ms] [LOG] [Fast Refresh] rebuilding @ http://localhost:3000/_next/static/chunks/node_modules_next_dist_115brz8._.js:2431
[ 2647629ms] [LOG] [Fast Refresh] done in 493ms @ http://localhost:3000/_next/static/chunks/node_modules_next_dist_115brz8._.js:2431
[ 2648025ms] [LOG] [Fast Refresh] rebuilding @ http://localhost:3000/_next/static/chunks/node_modules_next_dist_115brz8._.js:2431
[ 2648849ms] [LOG] [Fast Refresh] done in 929ms @ http://localhost:3000/_next/static/chunks/node_modules_next_dist_115brz8._.js:2431
[ 2649000ms] [LOG] [Fast Refresh] rebuilding @ http://localhost:3000/_next/static/chunks/node_modules_next_dist_115brz8._.js:2431
[ 2649132ms] [LOG] [Fast Refresh] done in 236ms @ http://localhost:3000/_next/static/chunks/node_modules_next_dist_115brz8._.js:2431
[ 2649260ms] [LOG] [Fast Refresh] rebuilding @ http://localhost:3000/_next/static/chunks/node_modules_next_dist_115brz8._.js:2431
[ 2649402ms] [LOG] [Fast Refresh] done in 247ms @ http://localhost:3000/_next/static/chunks/node_modules_next_dist_115brz8._.js:2431
[ 2649817ms] [LOG] [Fast Refresh] rebuilding @ http://localhost:3000/_next/static/chunks/node_modules_next_dist_115brz8._.js:2431
[ 2649926ms] [LOG] [Fast Refresh] done in 214ms @ http://localhost:3000/_next/static/chunks/node_modules_next_dist_115brz8._.js:2431
[ 2652419ms] [WARNING] The resource http://localhost:3000/_next/static/chunks/src_app_%5Blocale%5D_not-found_module_0onp7n7.css was preloaded using link preload but not used within a few seconds from the window's load event. Please make sure it has an appropriate `as` value and it is preloaded intentionally. @ http://localhost:3000/ru:0
[ 2652419ms] [WARNING] The resource http://localhost:3000/_next/static/chunks/src_app_not-found_module_0y2~y97.css was preloaded using link preload but not used within a few seconds from the window's load event. Please make sure it has an appropriate `as` value and it is preloaded intentionally. @ http://localhost:3000/ru:0
[ 2718427ms] [LOG] [Fast Refresh] rebuilding @ http://localhost:3000/_next/static/chunks/node_modules_next_dist_115brz8._.js:2431
[ 2718464ms] [LOG] [Fast Refresh] done in 137ms @ http://localhost:3000/_next/static/chunks/node_modules_next_dist_115brz8._.js:2431
[ 2843517ms] [LOG] [Fast Refresh] rebuilding @ http://localhost:3000/_next/static/chunks/node_modules_next_dist_115brz8._.js:2431
[ 2843771ms] [LOG] [Fast Refresh] done in 361ms @ http://localhost:3000/_next/static/chunks/node_modules_next_dist_115brz8._.js:2431
[ 2849257ms] [LOG] [Fast Refresh] rebuilding @ http://localhost:3000/_next/static/chunks/node_modules_next_dist_115brz8._.js:2431
[ 2849363ms] [LOG] [Fast Refresh] done in 209ms @ http://localhost:3000/_next/static/chunks/node_modules_next_dist_115brz8._.js:2431
[ 2865884ms] [LOG] [Fast Refresh] rebuilding @ http://localhost:3000/_next/static/chunks/node_modules_next_dist_115brz8._.js:2431
[ 2865981ms] [LOG] [Fast Refresh] done in 206ms @ http://localhost:3000/_next/static/chunks/node_modules_next_dist_115brz8._.js:2431
[ 2876120ms] [LOG] [Fast Refresh] rebuilding @ http://localhost:3000/_next/static/chunks/node_modules_next_dist_115brz8._.js:2431
[ 2877115ms] [LOG] [Fast Refresh] done in 1099ms @ http://localhost:3000/_next/static/chunks/node_modules_next_dist_115brz8._.js:2431
[ 2879423ms] [WARNING] The resource http://localhost:3000/_next/static/chunks/src_app_%5Blocale%5D_not-found_module_0onp7n7.css was preloaded using link preload but not used within a few seconds from the window's load event. Please make sure it has an appropriate `as` value and it is preloaded intentionally. @ http://localhost:3000/ru:0
[ 2879423ms] [WARNING] The resource http://localhost:3000/_next/static/chunks/src_app_not-found_module_0y2~y97.css was preloaded using link preload but not used within a few seconds from the window's load event. Please make sure it has an appropriate `as` value and it is preloaded intentionally. @ http://localhost:3000/ru:0
[ 2884128ms] [LOG] [Fast Refresh] rebuilding @ http://localhost:3000/_next/static/chunks/node_modules_next_dist_115brz8._.js:2431
[ 2884224ms] [LOG] [Fast Refresh] done in 198ms @ http://localhost:3000/_next/static/chunks/node_modules_next_dist_115brz8._.js:2431
[ 2904466ms] [LOG] [Fast Refresh] rebuilding @ http://localhost:3000/_next/static/chunks/node_modules_next_dist_115brz8._.js:2431
[ 2904594ms] [LOG] [Fast Refresh] done in 230ms @ http://localhost:3000/_next/static/chunks/node_modules_next_dist_115brz8._.js:2431
[ 2932363ms] [LOG] [Fast Refresh] rebuilding @ http://localhost:3000/_next/static/chunks/node_modules_next_dist_115brz8._.js:2431
[ 2932427ms] [LOG] [Fast Refresh] done in 165ms @ http://localhost:3000/_next/static/chunks/node_modules_next_dist_115brz8._.js:2431
[ 2951542ms] [LOG] [Fast Refresh] rebuilding @ http://localhost:3000/_next/static/chunks/node_modules_next_dist_115brz8._.js:2431
[ 2951962ms] [LOG] [Fast Refresh] done in 523ms @ http://localhost:3000/_next/static/chunks/node_modules_next_dist_115brz8._.js:2431
[ 2954846ms] [WARNING] The resource http://localhost:3000/_next/static/chunks/src_app_%5Blocale%5D_not-found_module_0onp7n7.css was preloaded using link preload but not used within a few seconds from the window's load event. Please make sure it has an appropriate `as` value and it is preloaded intentionally. @ http://localhost:3000/ru:0
[ 2954846ms] [WARNING] The resource http://localhost:3000/_next/static/chunks/src_app_not-found_module_0y2~y97.css was preloaded using link preload but not used within a few seconds from the window's load event. Please make sure it has an appropriate `as` value and it is preloaded intentionally. @ http://localhost:3000/ru:0
[ 3060109ms] [LOG] [Fast Refresh] rebuilding @ http://localhost:3000/_next/static/chunks/node_modules_next_dist_115brz8._.js:2431
[ 3060111ms] [LOG] [Fast Refresh] done in 105ms @ http://localhost:3000/_next/static/chunks/node_modules_next_dist_115brz8._.js:2431
[ 3062770ms] [LOG] [Fast Refresh] rebuilding @ http://localhost:3000/_next/static/chunks/node_modules_next_dist_115brz8._.js:2431
[ 3062812ms] [LOG] [Fast Refresh] done in 144ms @ http://localhost:3000/_next/static/chunks/node_modules_next_dist_115brz8._.js:2431
[ 3103639ms] [LOG] [Fast Refresh] rebuilding @ http://localhost:3000/_next/static/chunks/node_modules_next_dist_115brz8._.js:2431
[ 3105695ms] [LOG] [Fast Refresh] done in 2156ms @ http://localhost:3000/_next/static/chunks/node_modules_next_dist_115brz8._.js:2431
[ 3105699ms] [LOG] %c%s%c Generating import map background: #e6e6e6;background: light-dark(rgba(0,0,0,0.1), rgba(255,255,255,0.25));color: #000000;color: light-dark(#000000, #ffffff);border-radius: 2px  Server   @ http://localhost:3000/_next/static/chunks/node_modules_next_dist_115brz8._.js:2431
[ 3106852ms] [LOG] %c%s%c No new imports found, skipping writing import map background: #e6e6e6;background: light-dark(rgba(0,0,0,0.1), rgba(255,255,255,0.25));color: #000000;color: light-dark(#000000, #ffffff);border-radius: 2px  Server   @ http://localhost:3000/_next/static/chunks/node_modules_next_dist_115brz8._.js:2431
[ 3107078ms] [LOG] [Fast Refresh] rebuilding @ http://localhost:3000/_next/static/chunks/node_modules_next_dist_115brz8._.js:2431
[ 3108695ms] [WARNING] The resource http://localhost:3000/_next/static/chunks/src_app_%5Blocale%5D_not-found_module_0onp7n7.css was preloaded using link preload but not used within a few seconds from the window's load event. Please make sure it has an appropriate `as` value and it is preloaded intentionally. @ http://localhost:3000/ru:0
[ 3108695ms] [WARNING] The resource http://localhost:3000/_next/static/chunks/%5Broot-of-the-server%5D__07us3i-._.css was preloaded using link preload but not used within a few seconds from the window's load event. Please make sure it has an appropriate `as` value and it is preloaded intentionally. @ http://localhost:3000/ru:0
[ 3108695ms] [WARNING] The resource http://localhost:3000/_next/static/chunks/src_app_not-found_module_0y2~y97.css was preloaded using link preload but not used within a few seconds from the window's load event. Please make sure it has an appropriate `as` value and it is preloaded intentionally. @ http://localhost:3000/ru:0
[ 3108785ms] [LOG] [Fast Refresh] done in 1807ms @ http://localhost:3000/_next/static/chunks/node_modules_next_dist_115brz8._.js:2431
[ 3525188ms] [INFO] %cDownload the React DevTools for a better development experience: https://react.dev/link/react-devtools font-weight:bold @ http://localhost:3000/_next/static/chunks/node_modules_next_dist_115brz8._.js:2431
[ 3525264ms] [LOG] [HMR] connected @ http://localhost:3000/_next/static/chunks/node_modules_next_dist_115brz8._.js:2431
[ 3525585ms] [WARNING] Package @yandex/controls@0.0.1 is deprecated. Please use https://www.npmjs.com/package/@yandex/ymaps3-default-ui-theme instead. @ http://localhost:3000/_next/static/chunks/node_modules_next_dist_115brz8._.js:2431
[ 3529559ms] [WARNING] The resource http://localhost:3000/_next/static/chunks/src_app_%5Blocale%5D_not-found_module_0onp7n7.css was preloaded using link preload but not used within a few seconds from the window's load event. Please make sure it has an appropriate `as` value and it is preloaded intentionally. @ http://localhost:3000/ru:0
[ 3529559ms] [WARNING] The resource http://localhost:3000/_next/static/chunks/src_app_not-found_module_0y2~y97.css was preloaded using link preload but not used within a few seconds from the window's load event. Please make sure it has an appropriate `as` value and it is preloaded intentionally. @ http://localhost:3000/ru:0
[ 3536657ms] [LOG] [Fast Refresh] rebuilding @ http://localhost:3000/_next/static/chunks/node_modules_next_dist_115brz8._.js:2431
[ 3537456ms] [LOG] [Fast Refresh] done in 824ms @ http://localhost:3000/_next/static/chunks/node_modules_next_dist_115brz8._.js:2431
[ 3537599ms] [LOG] %c%s%c Generating import map background: #e6e6e6;background: light-dark(rgba(0,0,0,0.1), rgba(255,255,255,0.25));color: #000000;color: light-dark(#000000, #ffffff);border-radius: 2px  Server   @ http://localhost:3000/_next/static/chunks/node_modules_next_dist_115brz8._.js:2431
[ 3538347ms] [LOG] %c%s%c No new imports found, skipping writing import map background: #e6e6e6;background: light-dark(rgba(0,0,0,0.1), rgba(255,255,255,0.25));color: #000000;color: light-dark(#000000, #ffffff);border-radius: 2px  Server   @ http://localhost:3000/_next/static/chunks/node_modules_next_dist_115brz8._.js:2431
[ 3538542ms] [LOG] [Fast Refresh] rebuilding @ http://localhost:3000/_next/static/chunks/node_modules_next_dist_115brz8._.js:2431
[ 3539813ms] [LOG] [Fast Refresh] done in 1373ms @ http://localhost:3000/_next/static/chunks/node_modules_next_dist_115brz8._.js:2431
[ 3540498ms] [INFO] %cDownload the React DevTools for a better development experience: https://react.dev/link/react-devtools font-weight:bold @ http://localhost:3000/_next/static/chunks/node_modules_next_dist_115brz8._.js:2431
[ 3540540ms] [LOG] [HMR] connected @ http://localhost:3000/_next/static/chunks/node_modules_next_dist_115brz8._.js:2431
[ 3540917ms] [WARNING] Package @yandex/controls@0.0.1 is deprecated. Please use https://www.npmjs.com/package/@yandex/ymaps3-default-ui-theme instead. @ http://localhost:3000/_next/static/chunks/node_modules_next_dist_115brz8._.js:2431
[ 3542871ms] [LOG] [Fast Refresh] rebuilding @ http://localhost:3000/_next/static/chunks/node_modules_next_dist_115brz8._.js:2431
[ 3542923ms] [LOG] [Fast Refresh] done in 159ms @ http://localhost:3000/_next/static/chunks/node_modules_next_dist_115brz8._.js:2431
[ 3544287ms] [WARNING] The resource http://localhost:3000/_next/static/chunks/src_app_%5Blocale%5D_not-found_module_0onp7n7.css was preloaded using link preload but not used within a few seconds from the window's load event. Please make sure it has an appropriate `as` value and it is preloaded intentionally. @ http://localhost:3000/ru:0
[ 3544288ms] [WARNING] The resource http://localhost:3000/_next/static/chunks/src_app_not-found_module_0y2~y97.css was preloaded using link preload but not used within a few seconds from the window's load event. Please make sure it has an appropriate `as` value and it is preloaded intentionally. @ http://localhost:3000/ru:0
[ 3551330ms] [LOG] [Fast Refresh] rebuilding @ http://localhost:3000/_next/static/chunks/node_modules_next_dist_115brz8._.js:2431
[ 3551367ms] [LOG] [Fast Refresh] done in 139ms @ http://localhost:3000/_next/static/chunks/node_modules_next_dist_115brz8._.js:2431
[ 3586134ms] [LOG] [Fast Refresh] rebuilding @ http://localhost:3000/_next/static/chunks/node_modules_next_dist_115brz8._.js:2431
[ 3588960ms] [LOG] [Fast Refresh] done in 2164ms @ http://localhost:3000/_next/static/chunks/node_modules_next_dist_115brz8._.js:2431
[ 3590457ms] [LOG] [Fast Refresh] rebuilding @ http://localhost:3000/_next/static/chunks/node_modules_next_dist_115brz8._.js:2431
[ 3591402ms] [LOG] [Fast Refresh] done in 1050ms @ http://localhost:3000/_next/static/chunks/node_modules_next_dist_115brz8._.js:2431
[ 3593347ms] [INFO] %cDownload the React DevTools for a better development experience: https://react.dev/link/react-devtools font-weight:bold @ http://localhost:3000/_next/static/chunks/node_modules_next_dist_115brz8._.js:2431
[ 3593632ms] [LOG] [HMR] connected @ http://localhost:3000/_next/static/chunks/node_modules_next_dist_115brz8._.js:2431
[ 3594245ms] [WARNING] Package @yandex/controls@0.0.1 is deprecated. Please use https://www.npmjs.com/package/@yandex/ymaps3-default-ui-theme instead. @ http://localhost:3000/_next/static/chunks/node_modules_next_dist_115brz8._.js:2431
[ 3595879ms] [LOG] [Fast Refresh] rebuilding @ http://localhost:3000/_next/static/chunks/node_modules_next_dist_115brz8._.js:2431
[ 3595885ms] [LOG] [Fast Refresh] done in 105ms @ http://localhost:3000/_next/static/chunks/node_modules_next_dist_115brz8._.js:2431
[ 3597497ms] [LOG] [Fast Refresh] rebuilding @ http://localhost:3000/_next/static/chunks/node_modules_next_dist_115brz8._.js:2431
[ 3597751ms] [LOG] [Fast Refresh] done in 411ms @ http://localhost:3000/_next/static/chunks/node_modules_next_dist_115brz8._.js:2431
[ 3598151ms] [LOG] [Fast Refresh] rebuilding @ http://localhost:3000/_next/static/chunks/node_modules_next_dist_115brz8._.js:2431
[ 3598182ms] [LOG] [Fast Refresh] done in 132ms @ http://localhost:3000/_next/static/chunks/node_modules_next_dist_115brz8._.js:2431
[ 3598236ms] [WARNING] The resource http://localhost:3000/_next/static/chunks/src_app_%5Blocale%5D_not-found_module_0onp7n7.css was preloaded using link preload but not used within a few seconds from the window's load event. Please make sure it has an appropriate `as` value and it is preloaded intentionally. @ http://localhost:3000/ru:0
[ 3598236ms] [WARNING] The resource http://localhost:3000/_next/static/chunks/src_app_not-found_module_0y2~y97.css was preloaded using link preload but not used within a few seconds from the window's load event. Please make sure it has an appropriate `as` value and it is preloaded intentionally. @ http://localhost:3000/ru:0
[ 3617208ms] [LOG] [Fast Refresh] rebuilding @ http://localhost:3000/_next/static/chunks/node_modules_next_dist_115brz8._.js:2431
[ 3620695ms] [WARNING] The resource http://localhost:3000/_next/static/chunks/src_app_%5Blocale%5D_not-found_module_0onp7n7.css was preloaded using link preload but not used within a few seconds from the window's load event. Please make sure it has an appropriate `as` value and it is preloaded intentionally. @ http://localhost:3000/ru:0
[ 3620695ms] [WARNING] The resource http://localhost:3000/_next/static/chunks/src_app_not-found_module_0y2~y97.css was preloaded using link preload but not used within a few seconds from the window's load event. Please make sure it has an appropriate `as` value and it is preloaded intentionally. @ http://localhost:3000/ru:0
[ 3622245ms] [LOG] [Fast Refresh] done in 4468ms @ http://localhost:3000/_next/static/chunks/node_modules_next_dist_115brz8._.js:2431
[ 3622491ms] [LOG] [Fast Refresh] rebuilding @ http://localhost:3000/_next/static/chunks/node_modules_next_dist_115brz8._.js:2431
[ 3624364ms] [LOG] [Fast Refresh] done in 1979ms @ http://localhost:3000/_next/static/chunks/node_modules_next_dist_115brz8._.js:2431
[ 3625400ms] [LOG] [Fast Refresh] rebuilding @ http://localhost:3000/_next/static/chunks/node_modules_next_dist_115brz8._.js:2431
[ 3626428ms] [LOG] [Fast Refresh] done in 1132ms @ http://localhost:3000/_next/static/chunks/node_modules_next_dist_115brz8._.js:2431
[ 3628461ms] [INFO] %cDownload the React DevTools for a better development experience: https://react.dev/link/react-devtools font-weight:bold @ http://localhost:3000/_next/static/chunks/node_modules_next_dist_115brz8._.js:2431
[ 3628489ms] [LOG] [HMR] connected @ http://localhost:3000/_next/static/chunks/node_modules_next_dist_115brz8._.js:2431
[ 3628920ms] [WARNING] Package @yandex/controls@0.0.1 is deprecated. Please use https://www.npmjs.com/package/@yandex/ymaps3-default-ui-theme instead. @ http://localhost:3000/_next/static/chunks/node_modules_next_dist_115brz8._.js:2431
[ 3632254ms] [WARNING] The resource http://localhost:3000/_next/static/chunks/src_app_%5Blocale%5D_not-found_module_0onp7n7.css was preloaded using link preload but not used within a few seconds from the window's load event. Please make sure it has an appropriate `as` value and it is preloaded intentionally. @ http://localhost:3000/ru:0
[ 3632254ms] [WARNING] The resource http://localhost:3000/_next/static/chunks/src_app_not-found_module_0y2~y97.css was preloaded using link preload but not used within a few seconds from the window's load event. Please make sure it has an appropriate `as` value and it is preloaded intentionally. @ http://localhost:3000/ru:0
[ 3643861ms] [LOG] [Fast Refresh] rebuilding @ http://localhost:3000/_next/static/chunks/node_modules_next_dist_115brz8._.js:2431
[ 3643897ms] [LOG] [Fast Refresh] done in 29ms @ http://localhost:3000/_next/static/chunks/node_modules_next_dist_115brz8._.js:2431
[ 3644014ms] [LOG] [Fast Refresh] rebuilding @ http://localhost:3000/_next/static/chunks/node_modules_next_dist_115brz8._.js:2431
[ 3644560ms] [LOG] [Fast Refresh] done in 652ms @ http://localhost:3000/_next/static/chunks/node_modules_next_dist_115brz8._.js:2431
[ 3645846ms] [INFO] %cDownload the React DevTools for a better development experience: https://react.dev/link/react-devtools font-weight:bold @ http://localhost:3000/_next/static/chunks/node_modules_next_dist_115brz8._.js:2431
[ 3645930ms] [LOG] [HMR] connected @ http://localhost:3000/_next/static/chunks/node_modules_next_dist_115brz8._.js:2431
[ 3645964ms] [LOG] %c%s%c Generating import map background: #e6e6e6;background: light-dark(rgba(0,0,0,0.1), rgba(255,255,255,0.25));color: #000000;color: light-dark(#000000, #ffffff);border-radius: 2px  Server   @ http://localhost:3000/_next/static/chunks/node_modules_next_dist_115brz8._.js:2431
[ 3645966ms] [LOG] %c%s%c No new imports found, skipping writing import map background: #e6e6e6;background: light-dark(rgba(0,0,0,0.1), rgba(255,255,255,0.25));color: #000000;color: light-dark(#000000, #ffffff);border-radius: 2px  Server   @ http://localhost:3000/_next/static/chunks/node_modules_next_dist_115brz8._.js:2431
[ 3646750ms] [WARNING] Package @yandex/controls@0.0.1 is deprecated. Please use https://www.npmjs.com/package/@yandex/ymaps3-default-ui-theme instead. @ http://localhost:3000/_next/static/chunks/node_modules_next_dist_115brz8._.js:2431
[ 3650103ms] [WARNING] The resource http://localhost:3000/_next/static/chunks/src_app_%5Blocale%5D_not-found_module_0onp7n7.css was preloaded using link preload but not used within a few seconds from the window's load event. Please make sure it has an appropriate `as` value and it is preloaded intentionally. @ http://localhost:3000/ru:0
[ 3650103ms] [WARNING] The resource http://localhost:3000/_next/static/chunks/src_app_not-found_module_0y2~y97.css was preloaded using link preload but not used within a few seconds from the window's load event. Please make sure it has an appropriate `as` value and it is preloaded intentionally. @ http://localhost:3000/ru:0
[ 3714004ms] [LOG] [Fast Refresh] rebuilding @ http://localhost:3000/_next/static/chunks/node_modules_next_dist_115brz8._.js:2431
[ 3715961ms] [LOG] [Fast Refresh] done in 54ms @ http://localhost:3000/_next/static/chunks/node_modules_next_dist_115brz8._.js:2431
[ 3715970ms] [LOG] %c%s%c Generating import map background: #e6e6e6;background: light-dark(rgba(0,0,0,0.1), rgba(255,255,255,0.25));color: #000000;color: light-dark(#000000, #ffffff);border-radius: 2px  Server   @ http://localhost:3000/_next/static/chunks/node_modules_next_dist_115brz8._.js:2431
[ 3716789ms] [LOG] %c%s%c No new imports found, skipping writing import map background: #e6e6e6;background: light-dark(rgba(0,0,0,0.1), rgba(255,255,255,0.25));color: #000000;color: light-dark(#000000, #ffffff);border-radius: 2px  Server   @ http://localhost:3000/_next/static/chunks/node_modules_next_dist_115brz8._.js:2431
[ 3716918ms] [LOG] [Fast Refresh] rebuilding @ http://localhost:3000/_next/static/chunks/node_modules_next_dist_115brz8._.js:2431
[ 3717380ms] [WARNING] The resource http://localhost:3000/_next/static/chunks/src_app_%5Blocale%5D_not-found_module_0onp7n7.css was preloaded using link preload but not used within a few seconds from the window's load event. Please make sure it has an appropriate `as` value and it is preloaded intentionally. @ http://localhost:3000/ru:0
[ 3717380ms] [WARNING] The resource http://localhost:3000/_next/static/chunks/src_app_not-found_module_0y2~y97.css was preloaded using link preload but not used within a few seconds from the window's load event. Please make sure it has an appropriate `as` value and it is preloaded intentionally. @ http://localhost:3000/ru:0
[ 3717639ms] [LOG] [Fast Refresh] done in 828ms @ http://localhost:3000/_next/static/chunks/node_modules_next_dist_115brz8._.js:2431
[ 3718231ms] [LOG] [Fast Refresh] rebuilding @ http://localhost:3000/_next/static/chunks/node_modules_next_dist_115brz8._.js:2431
[ 3718591ms] [LOG] [Fast Refresh] done in 462ms @ http://localhost:3000/_next/static/chunks/node_modules_next_dist_115brz8._.js:2431
[ 3721538ms] [WARNING] The resource http://localhost:3000/_next/static/chunks/src_app_%5Blocale%5D_not-found_module_0onp7n7.css was preloaded using link preload but not used within a few seconds from the window's load event. Please make sure it has an appropriate `as` value and it is preloaded intentionally. @ http://localhost:3000/ru:0
[ 3721538ms] [WARNING] The resource http://localhost:3000/_next/static/chunks/src_app_not-found_module_0y2~y97.css was preloaded using link preload but not used within a few seconds from the window's load event. Please make sure it has an appropriate `as` value and it is preloaded intentionally. @ http://localhost:3000/ru:0
[ 3759228ms] [LOG] [Fast Refresh] rebuilding @ http://localhost:3000/_next/static/chunks/node_modules_next_dist_115brz8._.js:2431
[ 3759267ms] [LOG] [Fast Refresh] done in 30ms @ http://localhost:3000/_next/static/chunks/node_modules_next_dist_115brz8._.js:2431
[ 3759369ms] [LOG] [Fast Refresh] rebuilding @ http://localhost:3000/_next/static/chunks/node_modules_next_dist_115brz8._.js:2431
[ 3759472ms] [LOG] [Fast Refresh] done in 205ms @ http://localhost:3000/_next/static/chunks/node_modules_next_dist_115brz8._.js:2431
[ 3759476ms] [LOG] %c%s%c Generating import map background: #e6e6e6;background: light-dark(rgba(0,0,0,0.1), rgba(255,255,255,0.25));color: #000000;color: light-dark(#000000, #ffffff);border-radius: 2px  Server   @ http://localhost:3000/_next/static/chunks/node_modules_next_dist_115brz8._.js:2431
[ 3759587ms] [LOG] [Fast Refresh] rebuilding @ http://localhost:3000/_next/static/chunks/node_modules_next_dist_115brz8._.js:2431
[ 3760076ms] [LOG] [Fast Refresh] done in 590ms @ http://localhost:3000/_next/static/chunks/node_modules_next_dist_115brz8._.js:2431
[ 3760571ms] [LOG] %c%s%c No new imports found, skipping writing import map background: #e6e6e6;background: light-dark(rgba(0,0,0,0.1), rgba(255,255,255,0.25));color: #000000;color: light-dark(#000000, #ffffff);border-radius: 2px  Server   @ http://localhost:3000/_next/static/chunks/node_modules_next_dist_115brz8._.js:2431
[ 3760747ms] [LOG] [Fast Refresh] rebuilding @ http://localhost:3000/_next/static/chunks/node_modules_next_dist_115brz8._.js:2431
[ 3760957ms] [LOG] [Fast Refresh] done in 311ms @ http://localhost:3000/_next/static/chunks/node_modules_next_dist_115brz8._.js:2431
[ 3761064ms] [LOG] [Fast Refresh] rebuilding @ http://localhost:3000/_next/static/chunks/node_modules_next_dist_115brz8._.js:2431
[ 3761130ms] [LOG] [Fast Refresh] done in 172ms @ http://localhost:3000/_next/static/chunks/node_modules_next_dist_115brz8._.js:2431
[ 3761472ms] [LOG] [Fast Refresh] rebuilding @ http://localhost:3000/_next/static/chunks/node_modules_next_dist_115brz8._.js:2431
[ 3761530ms] [LOG] [Fast Refresh] done in 164ms @ http://localhost:3000/_next/static/chunks/node_modules_next_dist_115brz8._.js:2431
[ 3764258ms] [WARNING] The resource http://localhost:3000/_next/static/chunks/src_app_%5Blocale%5D_not-found_module_0onp7n7.css was preloaded using link preload but not used within a few seconds from the window's load event. Please make sure it has an appropriate `as` value and it is preloaded intentionally. @ http://localhost:3000/ru:0
[ 3764258ms] [WARNING] The resource http://localhost:3000/_next/static/chunks/src_app_not-found_module_0y2~y97.css was preloaded using link preload but not used within a few seconds from the window's load event. Please make sure it has an appropriate `as` value and it is preloaded intentionally. @ http://localhost:3000/ru:0
[ 3803799ms] [LOG] [Fast Refresh] rebuilding @ http://localhost:3000/_next/static/chunks/node_modules_next_dist_115brz8._.js:2431
[ 3803822ms] [LOG] [Fast Refresh] done in 127ms @ http://localhost:3000/_next/static/chunks/node_modules_next_dist_115brz8._.js:2431
[ 3826375ms] [LOG] [Fast Refresh] rebuilding @ http://localhost:3000/_next/static/chunks/node_modules_next_dist_115brz8._.js:2431
[ 3827365ms] [LOG] [Fast Refresh] done in 21ms @ http://localhost:3000/_next/static/chunks/node_modules_next_dist_115brz8._.js:2431
[ 3827371ms] [LOG] %c%s%c Generating import map background: #e6e6e6;background: light-dark(rgba(0,0,0,0.1), rgba(255,255,255,0.25));color: #000000;color: light-dark(#000000, #ffffff);border-radius: 2px  Server   @ http://localhost:3000/_next/static/chunks/node_modules_next_dist_115brz8._.js:2431
[ 3827956ms] [LOG] %c%s%c No new imports found, skipping writing import map background: #e6e6e6;background: light-dark(rgba(0,0,0,0.1), rgba(255,255,255,0.25));color: #000000;color: light-dark(#000000, #ffffff);border-radius: 2px  Server   @ http://localhost:3000/_next/static/chunks/node_modules_next_dist_115brz8._.js:2431
[ 3828062ms] [LOG] [Fast Refresh] rebuilding @ http://localhost:3000/_next/static/chunks/node_modules_next_dist_115brz8._.js:2431
[ 3828543ms] [LOG] [Fast Refresh] done in 582ms @ http://localhost:3000/_next/static/chunks/node_modules_next_dist_115brz8._.js:2431
[ 3829120ms] [LOG] [Fast Refresh] rebuilding @ http://localhost:3000/_next/static/chunks/node_modules_next_dist_115brz8._.js:2431
[ 3829221ms] [LOG] [Fast Refresh] done in 204ms @ http://localhost:3000/_next/static/chunks/node_modules_next_dist_115brz8._.js:2431
[ 3831823ms] [WARNING] The resource http://localhost:3000/_next/static/chunks/src_app_%5Blocale%5D_not-found_module_0onp7n7.css was preloaded using link preload but not used within a few seconds from the window's load event. Please make sure it has an appropriate `as` value and it is preloaded intentionally. @ http://localhost:3000/ru:0
[ 3831823ms] [WARNING] The resource http://localhost:3000/_next/static/chunks/src_app_not-found_module_0y2~y97.css was preloaded using link preload but not used within a few seconds from the window's load event. Please make sure it has an appropriate `as` value and it is preloaded intentionally. @ http://localhost:3000/ru:0
[ 3890809ms] [LOG] [Fast Refresh] rebuilding @ http://localhost:3000/_next/static/chunks/node_modules_next_dist_115brz8._.js:2431
[ 3891453ms] [LOG] [Fast Refresh] done in 81ms @ http://localhost:3000/_next/static/chunks/node_modules_next_dist_115brz8._.js:2431
[ 3891459ms] [LOG] %c%s%c Generating import map background: #e6e6e6;background: light-dark(rgba(0,0,0,0.1), rgba(255,255,255,0.25));color: #000000;color: light-dark(#000000, #ffffff);border-radius: 2px  Server   @ http://localhost:3000/_next/static/chunks/node_modules_next_dist_115brz8._.js:2431
[ 3892401ms] [LOG] %c%s%c No new imports found, skipping writing import map background: #e6e6e6;background: light-dark(rgba(0,0,0,0.1), rgba(255,255,255,0.25));color: #000000;color: light-dark(#000000, #ffffff);border-radius: 2px  Server   @ http://localhost:3000/_next/static/chunks/node_modules_next_dist_115brz8._.js:2431
[ 3893290ms] [LOG] [Fast Refresh] rebuilding @ http://localhost:3000/_next/static/chunks/node_modules_next_dist_115brz8._.js:2431
[ 3893494ms] [LOG] [Fast Refresh] done in 310ms @ http://localhost:3000/_next/static/chunks/node_modules_next_dist_115brz8._.js:2431
[ 3896225ms] [WARNING] The resource http://localhost:3000/_next/static/chunks/src_app_%5Blocale%5D_not-found_module_0onp7n7.css was preloaded using link preload but not used within a few seconds from the window's load event. Please make sure it has an appropriate `as` value and it is preloaded intentionally. @ http://localhost:3000/ru:0
[ 3896225ms] [WARNING] The resource http://localhost:3000/_next/static/chunks/src_app_not-found_module_0y2~y97.css was preloaded using link preload but not used within a few seconds from the window's load event. Please make sure it has an appropriate `as` value and it is preloaded intentionally. @ http://localhost:3000/ru:0
[ 3973149ms] [LOG] [Fast Refresh] rebuilding @ http://localhost:3000/_next/static/chunks/node_modules_next_dist_115brz8._.js:2431
[ 3973384ms] [LOG] [Fast Refresh] done in 12ms @ http://localhost:3000/_next/static/chunks/node_modules_next_dist_115brz8._.js:2431
[ 3973406ms] [LOG] %c%s%c Generating import map background: #e6e6e6;background: light-dark(rgba(0,0,0,0.1), rgba(255,255,255,0.25));color: #000000;color: light-dark(#000000, #ffffff);border-radius: 2px  Server   @ http://localhost:3000/_next/static/chunks/node_modules_next_dist_115brz8._.js:2431
[ 3973492ms] [LOG] [Fast Refresh] rebuilding @ http://localhost:3000/_next/static/chunks/node_modules_next_dist_115brz8._.js:2431
[ 3974000ms] [LOG] [Fast Refresh] done in 616ms @ http://localhost:3000/_next/static/chunks/node_modules_next_dist_115brz8._.js:2431
[ 3974543ms] [LOG] %c%s%c No new imports found, skipping writing import map background: #e6e6e6;background: light-dark(rgba(0,0,0,0.1), rgba(255,255,255,0.25));color: #000000;color: light-dark(#000000, #ffffff);border-radius: 2px  Server   @ http://localhost:3000/_next/static/chunks/node_modules_next_dist_115brz8._.js:2431
[ 3975128ms] [LOG] [Fast Refresh] rebuilding @ http://localhost:3000/_next/static/chunks/node_modules_next_dist_115brz8._.js:2431
[ 3975156ms] [LOG] [Fast Refresh] done in 130ms @ http://localhost:3000/_next/static/chunks/node_modules_next_dist_115brz8._.js:2431
[ 3975753ms] [LOG] [Fast Refresh] rebuilding @ http://localhost:3000/_next/static/chunks/node_modules_next_dist_115brz8._.js:2431
[ 3975837ms] [LOG] [Fast Refresh] done in 187ms @ http://localhost:3000/_next/static/chunks/node_modules_next_dist_115brz8._.js:2431
[ 3978510ms] [WARNING] The resource http://localhost:3000/_next/static/chunks/src_app_%5Blocale%5D_not-found_module_0onp7n7.css was preloaded using link preload but not used within a few seconds from the window's load event. Please make sure it has an appropriate `as` value and it is preloaded intentionally. @ http://localhost:3000/ru:0
[ 3978510ms] [WARNING] The resource http://localhost:3000/_next/static/chunks/src_app_not-found_module_0y2~y97.css was preloaded using link preload but not used within a few seconds from the window's load event. Please make sure it has an appropriate `as` value and it is preloaded intentionally. @ http://localhost:3000/ru:0
[ 3995590ms] [LOG] [Fast Refresh] rebuilding @ http://localhost:3000/_next/static/chunks/node_modules_next_dist_115brz8._.js:2431
[ 3996226ms] [LOG] [Fast Refresh] done in 10ms @ http://localhost:3000/_next/static/chunks/node_modules_next_dist_115brz8._.js:2431
[ 3997106ms] [LOG] [Fast Refresh] rebuilding @ http://localhost:3000/_next/static/chunks/node_modules_next_dist_115brz8._.js:2431
[ 3997210ms] [LOG] [Fast Refresh] done in 205ms @ http://localhost:3000/_next/static/chunks/node_modules_next_dist_115brz8._.js:2431
[ 3997318ms] [LOG] [Fast Refresh] rebuilding @ http://localhost:3000/_next/static/chunks/node_modules_next_dist_115brz8._.js:2431
[ 3997561ms] [LOG] [Fast Refresh] done in 349ms @ http://localhost:3000/_next/static/chunks/node_modules_next_dist_115brz8._.js:2431
[ 4000688ms] [WARNING] The resource http://localhost:3000/_next/static/chunks/src_app_%5Blocale%5D_not-found_module_0onp7n7.css was preloaded using link preload but not used within a few seconds from the window's load event. Please make sure it has an appropriate `as` value and it is preloaded intentionally. @ http://localhost:3000/ru:0
[ 4000688ms] [WARNING] The resource http://localhost:3000/_next/static/chunks/src_app_not-found_module_0y2~y97.css was preloaded using link preload but not used within a few seconds from the window's load event. Please make sure it has an appropriate `as` value and it is preloaded intentionally. @ http://localhost:3000/ru:0
[ 4019104ms] [LOG] [Fast Refresh] rebuilding @ http://localhost:3000/_next/static/chunks/node_modules_next_dist_115brz8._.js:2431
[ 4019321ms] [LOG] [Fast Refresh] done in 11ms @ http://localhost:3000/_next/static/chunks/node_modules_next_dist_115brz8._.js:2431
[ 4019325ms] [LOG] %c%s%c Generating import map background: #e6e6e6;background: light-dark(rgba(0,0,0,0.1), rgba(255,255,255,0.25));color: #000000;color: light-dark(#000000, #ffffff);border-radius: 2px  Server   @ http://localhost:3000/_next/static/chunks/node_modules_next_dist_115brz8._.js:2431
[ 4019425ms] [LOG] [Fast Refresh] rebuilding @ http://localhost:3000/_next/static/chunks/node_modules_next_dist_115brz8._.js:2431
[ 4019900ms] [LOG] [Fast Refresh] done in 578ms @ http://localhost:3000/_next/static/chunks/node_modules_next_dist_115brz8._.js:2431
[ 4020295ms] [LOG] %c%s%c No new imports found, skipping writing import map background: #e6e6e6;background: light-dark(rgba(0,0,0,0.1), rgba(255,255,255,0.25));color: #000000;color: light-dark(#000000, #ffffff);border-radius: 2px  Server   @ http://localhost:3000/_next/static/chunks/node_modules_next_dist_115brz8._.js:2431
[ 4024097ms] [WARNING] The resource http://localhost:3000/_next/static/chunks/src_app_%5Blocale%5D_not-found_module_0onp7n7.css was preloaded using link preload but not used within a few seconds from the window's load event. Please make sure it has an appropriate `as` value and it is preloaded intentionally. @ http://localhost:3000/ru:0
[ 4024097ms] [WARNING] The resource http://localhost:3000/_next/static/chunks/src_app_not-found_module_0y2~y97.css was preloaded using link preload but not used within a few seconds from the window's load event. Please make sure it has an appropriate `as` value and it is preloaded intentionally. @ http://localhost:3000/ru:0
[ 4024622ms] [LOG] [Fast Refresh] rebuilding @ http://localhost:3000/_next/static/chunks/node_modules_next_dist_115brz8._.js:2431
[ 4024673ms] [LOG] [Fast Refresh] done in 159ms @ http://localhost:3000/_next/static/chunks/node_modules_next_dist_115brz8._.js:2431
[ 4030011ms] [LOG] [Fast Refresh] rebuilding @ http://localhost:3000/_next/static/chunks/node_modules_next_dist_115brz8._.js:2431
[ 4030070ms] [LOG] [Fast Refresh] done in 160ms @ http://localhost:3000/_next/static/chunks/node_modules_next_dist_115brz8._.js:2431
[ 4042411ms] [LOG] [Fast Refresh] rebuilding @ http://localhost:3000/_next/static/chunks/node_modules_next_dist_115brz8._.js:2431
[ 4043058ms] [LOG] [Fast Refresh] done in 22ms @ http://localhost:3000/_next/static/chunks/node_modules_next_dist_115brz8._.js:2431
[ 4043063ms] [LOG] %c%s%c Generating import map background: #e6e6e6;background: light-dark(rgba(0,0,0,0.1), rgba(255,255,255,0.25));color: #000000;color: light-dark(#000000, #ffffff);border-radius: 2px  Server   @ http://localhost:3000/_next/static/chunks/node_modules_next_dist_115brz8._.js:2431
[ 4043167ms] [LOG] [Fast Refresh] rebuilding @ http://localhost:3000/_next/static/chunks/node_modules_next_dist_115brz8._.js:2431
[ 4043330ms] [LOG] [Fast Refresh] done in 270ms @ http://localhost:3000/_next/static/chunks/node_modules_next_dist_115brz8._.js:2431
[ 4043822ms] [LOG] %c%s%c No new imports found, skipping writing import map background: #e6e6e6;background: light-dark(rgba(0,0,0,0.1), rgba(255,255,255,0.25));color: #000000;color: light-dark(#000000, #ffffff);border-radius: 2px  Server   @ http://localhost:3000/_next/static/chunks/node_modules_next_dist_115brz8._.js:2431
[ 4047638ms] [WARNING] The resource http://localhost:3000/_next/static/chunks/src_app_%5Blocale%5D_not-found_module_0onp7n7.css was preloaded using link preload but not used within a few seconds from the window's load event. Please make sure it has an appropriate `as` value and it is preloaded intentionally. @ http://localhost:3000/ru:0
[ 4047638ms] [WARNING] The resource http://localhost:3000/_next/static/chunks/src_app_not-found_module_0y2~y97.css was preloaded using link preload but not used within a few seconds from the window's load event. Please make sure it has an appropriate `as` value and it is preloaded intentionally. @ http://localhost:3000/ru:0
[ 4052936ms] [LOG] [Fast Refresh] rebuilding @ http://localhost:3000/_next/static/chunks/node_modules_next_dist_115brz8._.js:2431
[ 4052988ms] [LOG] [Fast Refresh] done in 156ms @ http://localhost:3000/_next/static/chunks/node_modules_next_dist_115brz8._.js:2431
[ 4085346ms] [LOG] [Fast Refresh] rebuilding @ http://localhost:3000/_next/static/chunks/node_modules_next_dist_115brz8._.js:2431
[ 4085448ms] [LOG] [Fast Refresh] done in 203ms @ http://localhost:3000/_next/static/chunks/node_modules_next_dist_115brz8._.js:2431
[ 4127187ms] [LOG] [Fast Refresh] rebuilding @ http://localhost:3000/_next/static/chunks/node_modules_next_dist_115brz8._.js:2431
[ 4127250ms] [LOG] [Fast Refresh] done in 35ms @ http://localhost:3000/_next/static/chunks/node_modules_next_dist_115brz8._.js:2431
[ 4127357ms] [LOG] [Fast Refresh] rebuilding @ http://localhost:3000/_next/static/chunks/node_modules_next_dist_115brz8._.js:2431
[ 4128073ms] [LOG] [Fast Refresh] done in 613ms @ http://localhost:3000/_next/static/chunks/node_modules_next_dist_115brz8._.js:2431
[ 4128104ms] [LOG] %c%s%c Generating import map background: #e6e6e6;background: light-dark(rgba(0,0,0,0.1), rgba(255,255,255,0.25));color: #000000;color: light-dark(#000000, #ffffff);border-radius: 2px  Server   @ http://localhost:3000/_next/static/chunks/node_modules_next_dist_115brz8._.js:2431
[ 4128634ms] [LOG] %c%s%c No new imports found, skipping writing import map background: #e6e6e6;background: light-dark(rgba(0,0,0,0.1), rgba(255,255,255,0.25));color: #000000;color: light-dark(#000000, #ffffff);border-radius: 2px  Server   @ http://localhost:3000/_next/static/chunks/node_modules_next_dist_115brz8._.js:2431
[ 4128741ms] [LOG] [Fast Refresh] rebuilding @ http://localhost:3000/_next/static/chunks/node_modules_next_dist_115brz8._.js:2431
[ 4129705ms] [LOG] [Fast Refresh] done in 1066ms @ http://localhost:3000/_next/static/chunks/node_modules_next_dist_115brz8._.js:2431
[ 4130078ms] [LOG] [Fast Refresh] rebuilding @ http://localhost:3000/_next/static/chunks/node_modules_next_dist_115brz8._.js:2431
[ 4130561ms] [WARNING] The resource http://localhost:3000/_next/static/chunks/src_app_%5Blocale%5D_not-found_module_0onp7n7.css was preloaded using link preload but not used within a few seconds from the window's load event. Please make sure it has an appropriate `as` value and it is preloaded intentionally. @ http://localhost:3000/ru:0
[ 4130562ms] [WARNING] The resource http://localhost:3000/_next/static/chunks/src_app_not-found_module_0y2~y97.css was preloaded using link preload but not used within a few seconds from the window's load event. Please make sure it has an appropriate `as` value and it is preloaded intentionally. @ http://localhost:3000/ru:0
[ 4130993ms] [LOG] [Fast Refresh] done in 1020ms @ http://localhost:3000/_next/static/chunks/node_modules_next_dist_115brz8._.js:2431
[ 4131095ms] [LOG] [Fast Refresh] rebuilding @ http://localhost:3000/_next/static/chunks/node_modules_next_dist_115brz8._.js:2431
[ 4131171ms] [LOG] [Fast Refresh] done in 177ms @ http://localhost:3000/_next/static/chunks/node_modules_next_dist_115brz8._.js:2431
[ 4134490ms] [WARNING] The resource http://localhost:3000/_next/static/chunks/src_app_%5Blocale%5D_not-found_module_0onp7n7.css was preloaded using link preload but not used within a few seconds from the window's load event. Please make sure it has an appropriate `as` value and it is preloaded intentionally. @ http://localhost:3000/ru:0
[ 4134490ms] [WARNING] The resource http://localhost:3000/_next/static/chunks/src_app_not-found_module_0y2~y97.css was preloaded using link preload but not used within a few seconds from the window's load event. Please make sure it has an appropriate `as` value and it is preloaded intentionally. @ http://localhost:3000/ru:0
[ 4136952ms] [LOG] [Fast Refresh] rebuilding @ http://localhost:3000/_next/static/chunks/node_modules_next_dist_115brz8._.js:2431
[ 4137505ms] [LOG] [Fast Refresh] done in 655ms @ http://localhost:3000/_next/static/chunks/node_modules_next_dist_115brz8._.js:2431
[ 4138265ms] [LOG] [Fast Refresh] rebuilding @ http://localhost:3000/_next/static/chunks/node_modules_next_dist_115brz8._.js:2431
[ 4138317ms] [LOG] [Fast Refresh] done in 155ms @ http://localhost:3000/_next/static/chunks/node_modules_next_dist_115brz8._.js:2431
[ 4140263ms] [WARNING] The resource http://localhost:3000/_next/static/chunks/src_app_%5Blocale%5D_not-found_module_0onp7n7.css was preloaded using link preload but not used within a few seconds from the window's load event. Please make sure it has an appropriate `as` value and it is preloaded intentionally. @ http://localhost:3000/ru:0
[ 4140263ms] [WARNING] The resource http://localhost:3000/_next/static/chunks/src_app_not-found_module_0y2~y97.css was preloaded using link preload but not used within a few seconds from the window's load event. Please make sure it has an appropriate `as` value and it is preloaded intentionally. @ http://localhost:3000/ru:0
[ 4148032ms] [LOG] [Fast Refresh] rebuilding @ http://localhost:3000/_next/static/chunks/node_modules_next_dist_115brz8._.js:2431
[ 4148099ms] [LOG] [Fast Refresh] done in 32ms @ http://localhost:3000/_next/static/chunks/node_modules_next_dist_115brz8._.js:2431
[ 4148205ms] [LOG] [Fast Refresh] rebuilding @ http://localhost:3000/_next/static/chunks/node_modules_next_dist_115brz8._.js:2431
[ 4149042ms] [LOG] [Fast Refresh] done in 940ms @ http://localhost:3000/_next/static/chunks/node_modules_next_dist_115brz8._.js:2431
[ 4149051ms] [LOG] %c%s%c Generating import map background: #e6e6e6;background: light-dark(rgba(0,0,0,0.1), rgba(255,255,255,0.25));color: #000000;color: light-dark(#000000, #ffffff);border-radius: 2px  Server   @ http://localhost:3000/_next/static/chunks/node_modules_next_dist_115brz8._.js:2431
[ 4149522ms] [LOG] %c%s%c No new imports found, skipping writing import map background: #e6e6e6;background: light-dark(rgba(0,0,0,0.1), rgba(255,255,255,0.25));color: #000000;color: light-dark(#000000, #ffffff);border-radius: 2px  Server   @ http://localhost:3000/_next/static/chunks/node_modules_next_dist_115brz8._.js:2431
[ 4149641ms] [LOG] [Fast Refresh] rebuilding @ http://localhost:3000/_next/static/chunks/node_modules_next_dist_115brz8._.js:2431
[ 4150401ms] [LOG] [Fast Refresh] done in 864ms @ http://localhost:3000/_next/static/chunks/node_modules_next_dist_115brz8._.js:2431
[ 4151415ms] [WARNING] The resource http://localhost:3000/_next/static/chunks/src_app_%5Blocale%5D_not-found_module_0onp7n7.css was preloaded using link preload but not used within a few seconds from the window's load event. Please make sure it has an appropriate `as` value and it is preloaded intentionally. @ http://localhost:3000/ru:0
[ 4151415ms] [WARNING] The resource http://localhost:3000/_next/static/chunks/src_app_not-found_module_0y2~y97.css was preloaded using link preload but not used within a few seconds from the window's load event. Please make sure it has an appropriate `as` value and it is preloaded intentionally. @ http://localhost:3000/ru:0
[ 4152061ms] [LOG] [Fast Refresh] rebuilding @ http://localhost:3000/_next/static/chunks/node_modules_next_dist_115brz8._.js:2431
[ 4152249ms] [LOG] [Fast Refresh] done in 293ms @ http://localhost:3000/_next/static/chunks/node_modules_next_dist_115brz8._.js:2431
[ 4153521ms] [ERROR] Failed to load resource: net::ERR_INSUFFICIENT_RESOURCES @ http://localhost:3000/ru?_rsc=9ftdb:0
[ 4153524ms] [ERROR] Failed to fetch RSC payload for http://localhost:3000/ru. Falling back to browser navigation. TypeError: Failed to fetch
    at createFetch (http://localhost:3000/_next/static/chunks/node_modules_next_dist_client_0fhqo1d._.js:8084:21)
    at fetchServerResponse (http://localhost:3000/_next/static/chunks/node_modules_next_dist_client_0fhqo1d._.js:7928:27)
    at fetchMissingDynamicData (http://localhost:3000/_next/static/chunks/node_modules_next_dist_client_0fhqo1d._.js:9341:75)
    at spawnDynamicRequests (http://localhost:3000/_next/static/chunks/node_modules_next_dist_client_0fhqo1d._.js:9149:35)
    at navigateToKnownRoute (http://localhost:3000/_next/static/chunks/node_modules_next_dist_client_0fhqo1d._.js:10033:54)
    at refreshDynamicData (http://localhost:3000/_next/static/chunks/node_modules_next_dist_client_0fhqo1d._.js:10653:49)
    at hmrRefreshReducer (http://localhost:3000/_next/static/chunks/node_modules_next_dist_client_0fhqo1d._.js:10802:51)
    at clientReducer (http://localhost:3000/_next/static/chunks/node_modules_next_dist_client_0fhqo1d._.js:11398:65)
    at Object.action (http://localhost:3000/_next/static/chunks/node_modules_next_dist_client_0fhqo1d._.js:11631:55)
    at runAction (http://localhost:3000/_next/static/chunks/node_modules_next_dist_client_0fhqo1d._.js:11536:38)
    at dispatchAction (http://localhost:3000/_next/static/chunks/node_modules_next_dist_client_0fhqo1d._.js:11599:9)
    at Object.dispatch (http://localhost:3000/_next/static/chunks/node_modules_next_dist_client_0fhqo1d._.js:11629:40)
    at http://localhost:3000/_next/static/chunks/node_modules_next_dist_client_0fhqo1d._.js:963:29
    at startTransition (http://localhost:3000/_next/static/chunks/node_modules_next_dist_compiled_react-dom_058-ah~._.js:5469:31)
    at nextDispatch (http://localhost:3000/_next/static/chunks/node_modules_next_dist_client_0fhqo1d._.js:962:13)
    at dispatchAppRouterAction (http://localhost:3000/_next/static/chunks/node_modules_next_dist_client_0fhqo1d._.js:922:5)
    at http://localhost:3000/_next/static/chunks/node_modules_next_dist_client_0fhqo1d._.js:11800:61
    at startTransition (http://localhost:3000/_next/static/chunks/node_modules_next_dist_compiled_0rpq4pf._.js:1279:31)
    at Object.hmrRefresh (http://localhost:3000/_next/static/chunks/node_modules_next_dist_client_0fhqo1d._.js:11799:40)
    at http://localhost:3000/_next/static/chunks/node_modules_next_dist_client_0fhqo1d._.js:13967:64
    at startTransition (http://localhost:3000/_next/static/chunks/node_modules_next_dist_compiled_0rpq4pf._.js:1279:31)
    at processMessage (http://localhost:3000/_next/static/chunks/node_modules_next_dist_client_0fhqo1d._.js:13966:44)
    at WebSocket.handleMessage (http://localhost:3000/_next/static/chunks/node_modules_next_dist_client_0fhqo1d._.js:13335:52) @ http://localhost:3000/_next/static/chunks/node_modules_next_dist_115brz8._.js:3272
[ 4156664ms] [WARNING] The resource http://localhost:3000/_next/static/chunks/src_app_%5Blocale%5D_not-found_module_0onp7n7.css was preloaded using link preload but not used within a few seconds from the window's load event. Please make sure it has an appropriate `as` value and it is preloaded intentionally. @ http://localhost:3000/ru:0
[ 4156664ms] [WARNING] The resource http://localhost:3000/_next/static/chunks/src_app_not-found_module_0y2~y97.css was preloaded using link preload but not used within a few seconds from the window's load event. Please make sure it has an appropriate `as` value and it is preloaded intentionally. @ http://localhost:3000/ru:0
[ 4156886ms] [LOG] [Fast Refresh] rebuilding @ http://localhost:3000/_next/static/chunks/node_modules_next_dist_115brz8._.js:2431
[ 4158352ms] [ERROR] Failed to load resource: net::ERR_CONNECTION_RESET @ http://localhost:3000/ru?_rsc=9ftdb:0
[ 4158354ms] [ERROR] Failed to load resource: net::ERR_CONNECTION_RESET @ http://localhost:3000/ru?_rsc=9ftdb:0
[ 4158357ms] [ERROR] Failed to load resource: net::ERR_CONNECTION_RESET @ http://localhost:3000/ru?_rsc=9ftdb:0
[ 4158357ms] [ERROR] Failed to load resource: net::ERR_CONNECTION_RESET @ http://localhost:3000/ru?_rsc=9ftdb:0
[ 4158371ms] [ERROR] Failed to load resource: net::ERR_CONNECTION_RESET @ http://localhost:3000/ru?_rsc=9ftdb:0
[ 4275183ms] [INFO] %cDownload the React DevTools for a better development experience: https://react.dev/link/react-devtools font-weight:bold @ http://localhost:3000/_next/static/chunks/node_modules_next_dist_115brz8._.js:2431
[ 4275231ms] [LOG] [HMR] connected @ http://localhost:3000/_next/static/chunks/node_modules_next_dist_115brz8._.js:2431
[ 4275540ms] [WARNING] Package @yandex/controls@0.0.1 is deprecated. Please use https://www.npmjs.com/package/@yandex/ymaps3-default-ui-theme instead. @ http://localhost:3000/_next/static/chunks/node_modules_next_dist_115brz8._.js:2431
[ 4278562ms] [LOG] [Fast Refresh] rebuilding @ http://localhost:3000/_next/static/chunks/node_modules_next_dist_115brz8._.js:2431
[ 4278575ms] [LOG] [Fast Refresh] done in 113ms @ http://localhost:3000/_next/static/chunks/node_modules_next_dist_115brz8._.js:2431
[ 4281474ms] [WARNING] The resource http://localhost:3000/_next/static/chunks/src_app_%5Blocale%5D_not-found_module_0onp7n7.css was preloaded using link preload but not used within a few seconds from the window's load event. Please make sure it has an appropriate `as` value and it is preloaded intentionally. @ http://localhost:3000/ru:0
[ 4281474ms] [WARNING] The resource http://localhost:3000/_next/static/chunks/src_app_not-found_module_0y2~y97.css was preloaded using link preload but not used within a few seconds from the window's load event. Please make sure it has an appropriate `as` value and it is preloaded intentionally. @ http://localhost:3000/ru:0
[ 4296290ms] [LOG] [Fast Refresh] rebuilding @ http://localhost:3000/_next/static/chunks/node_modules_next_dist_115brz8._.js:2431
[ 4296298ms] [LOG] [Fast Refresh] done in 111ms @ http://localhost:3000/_next/static/chunks/node_modules_next_dist_115brz8._.js:2431
[ 4352779ms] [LOG] [Fast Refresh] rebuilding @ http://localhost:3000/_next/static/chunks/node_modules_next_dist_115brz8._.js:2431
[ 4352809ms] [LOG] [Fast Refresh] done in 131ms @ http://localhost:3000/_next/static/chunks/node_modules_next_dist_115brz8._.js:2431
[ 4365192ms] [LOG] [Fast Refresh] rebuilding @ http://localhost:3000/_next/static/chunks/node_modules_next_dist_115brz8._.js:2431
[ 4365193ms] [LOG] [Fast Refresh] done in 103ms @ http://localhost:3000/_next/static/chunks/node_modules_next_dist_115brz8._.js:2431
[ 4378001ms] [LOG] [Fast Refresh] rebuilding @ http://localhost:3000/_next/static/chunks/node_modules_next_dist_115brz8._.js:2431
[ 4378699ms] [LOG] [Fast Refresh] done in 33ms @ http://localhost:3000/_next/static/chunks/node_modules_next_dist_115brz8._.js:2431
[ 4378709ms] [LOG] [Fast Refresh] rebuilding @ http://localhost:3000/_next/static/chunks/node_modules_next_dist_115brz8._.js:2431
[ 4378953ms] [LOG] [Fast Refresh] done in 11ms @ http://localhost:3000/_next/static/chunks/node_modules_next_dist_115brz8._.js:2431
[ 4380148ms] [LOG] [Fast Refresh] rebuilding @ http://localhost:3000/_next/static/chunks/node_modules_next_dist_115brz8._.js:2431
[ 4380304ms] [LOG] [Fast Refresh] done in 263ms @ http://localhost:3000/_next/static/chunks/node_modules_next_dist_115brz8._.js:2431
[ 4380448ms] [LOG] [Fast Refresh] rebuilding @ http://localhost:3000/_next/static/chunks/node_modules_next_dist_115brz8._.js:2431
[ 4380717ms] [LOG] [Fast Refresh] done in 370ms @ http://localhost:3000/_next/static/chunks/node_modules_next_dist_115brz8._.js:2431
[ 4381149ms] [LOG] [Fast Refresh] rebuilding @ http://localhost:3000/_next/static/chunks/node_modules_next_dist_115brz8._.js:2431
[ 4381398ms] [WARNING] The resource http://localhost:3000/_next/static/chunks/src_app_%5Blocale%5D_not-found_module_0onp7n7.css was preloaded using link preload but not used within a few seconds from the window's load event. Please make sure it has an appropriate `as` value and it is preloaded intentionally. @ http://localhost:3000/ru:0
[ 4381398ms] [WARNING] The resource http://localhost:3000/_next/static/chunks/src_app_not-found_module_0y2~y97.css was preloaded using link preload but not used within a few seconds from the window's load event. Please make sure it has an appropriate `as` value and it is preloaded intentionally. @ http://localhost:3000/ru:0
[ 4381607ms] [LOG] [Fast Refresh] done in 560ms @ http://localhost:3000/_next/static/chunks/node_modules_next_dist_115brz8._.js:2431
[ 4381714ms] [LOG] [Fast Refresh] rebuilding @ http://localhost:3000/_next/static/chunks/node_modules_next_dist_115brz8._.js:2431
[ 4381941ms] [LOG] [Fast Refresh] done in 328ms @ http://localhost:3000/_next/static/chunks/node_modules_next_dist_115brz8._.js:2431
[ 4383025ms] [LOG] [Fast Refresh] rebuilding @ http://localhost:3000/_next/static/chunks/node_modules_next_dist_115brz8._.js:2431
[ 4383074ms] [LOG] [Fast Refresh] done in 154ms @ http://localhost:3000/_next/static/chunks/node_modules_next_dist_115brz8._.js:2431
[ 4385369ms] [WARNING] The resource http://localhost:3000/_next/static/chunks/src_app_%5Blocale%5D_not-found_module_0onp7n7.css was preloaded using link preload but not used within a few seconds from the window's load event. Please make sure it has an appropriate `as` value and it is preloaded intentionally. @ http://localhost:3000/ru:0
[ 4385369ms] [WARNING] The resource http://localhost:3000/_next/static/chunks/src_app_not-found_module_0y2~y97.css was preloaded using link preload but not used within a few seconds from the window's load event. Please make sure it has an appropriate `as` value and it is preloaded intentionally. @ http://localhost:3000/ru:0
[ 4425693ms] [LOG] [Fast Refresh] rebuilding @ http://localhost:3000/_next/static/chunks/node_modules_next_dist_115brz8._.js:2431
[ 4426722ms] [LOG] [Fast Refresh] done in 124ms @ http://localhost:3000/_next/static/chunks/node_modules_next_dist_115brz8._.js:2431
[ 4427282ms] [LOG] [Fast Refresh] rebuilding @ http://localhost:3000/_next/static/chunks/node_modules_next_dist_115brz8._.js:2431
[ 4428836ms] [LOG] [Fast Refresh] done in 1658ms @ http://localhost:3000/_next/static/chunks/node_modules_next_dist_115brz8._.js:2431
[ 4428992ms] [WARNING] The resource http://localhost:3000/_next/static/chunks/src_app_%5Blocale%5D_not-found_module_0onp7n7.css was preloaded using link preload but not used within a few seconds from the window's load event. Please make sure it has an appropriate `as` value and it is preloaded intentionally. @ http://localhost:3000/ru:0
[ 4428992ms] [WARNING] The resource http://localhost:3000/_next/static/chunks/src_app_not-found_module_0y2~y97.css was preloaded using link preload but not used within a few seconds from the window's load event. Please make sure it has an appropriate `as` value and it is preloaded intentionally. @ http://localhost:3000/ru:0
[ 4429012ms] [LOG] [Fast Refresh] rebuilding @ http://localhost:3000/_next/static/chunks/node_modules_next_dist_115brz8._.js:2431
[ 4429163ms] [LOG] [Fast Refresh] done in 252ms @ http://localhost:3000/_next/static/chunks/node_modules_next_dist_115brz8._.js:2431
[ 4429291ms] [LOG] [Fast Refresh] rebuilding @ http://localhost:3000/_next/static/chunks/node_modules_next_dist_115brz8._.js:2431
[ 4429576ms] [LOG] [Fast Refresh] done in 389ms @ http://localhost:3000/_next/static/chunks/node_modules_next_dist_115brz8._.js:2431
[ 4430527ms] [LOG] [Fast Refresh] rebuilding @ http://localhost:3000/_next/static/chunks/node_modules_next_dist_115brz8._.js:2431
[ 4430598ms] [LOG] [Fast Refresh] done in 171ms @ http://localhost:3000/_next/static/chunks/node_modules_next_dist_115brz8._.js:2431
[ 4431334ms] [LOG] [Fast Refresh] rebuilding @ http://localhost:3000/_next/static/chunks/node_modules_next_dist_115brz8._.js:2431
[ 4431455ms] [LOG] [Fast Refresh] done in 229ms @ http://localhost:3000/_next/static/chunks/node_modules_next_dist_115brz8._.js:2431
[ 4432603ms] [WARNING] The resource http://localhost:3000/_next/static/chunks/src_app_%5Blocale%5D_not-found_module_0onp7n7.css was preloaded using link preload but not used within a few seconds from the window's load event. Please make sure it has an appropriate `as` value and it is preloaded intentionally. @ http://localhost:3000/ru:0
[ 4432603ms] [WARNING] The resource http://localhost:3000/_next/static/chunks/src_app_not-found_module_0y2~y97.css was preloaded using link preload but not used within a few seconds from the window's load event. Please make sure it has an appropriate `as` value and it is preloaded intentionally. @ http://localhost:3000/ru:0
[ 4449531ms] [LOG] [Fast Refresh] rebuilding @ http://localhost:3000/_next/static/chunks/node_modules_next_dist_115brz8._.js:2431
[ 4449901ms] [LOG] [Fast Refresh] done in 15ms @ http://localhost:3000/_next/static/chunks/node_modules_next_dist_115brz8._.js:2431
[ 4450215ms] [LOG] [Fast Refresh] rebuilding @ http://localhost:3000/_next/static/chunks/node_modules_next_dist_115brz8._.js:2431
[ 4450442ms] [LOG] [Fast Refresh] done in 329ms @ http://localhost:3000/_next/static/chunks/node_modules_next_dist_115brz8._.js:2431
[ 4451466ms] [LOG] [Fast Refresh] rebuilding @ http://localhost:3000/_next/static/chunks/node_modules_next_dist_115brz8._.js:2431
[ 4451735ms] [LOG] [Fast Refresh] done in 370ms @ http://localhost:3000/_next/static/chunks/node_modules_next_dist_115brz8._.js:2431
[ 4452074ms] [LOG] [Fast Refresh] rebuilding @ http://localhost:3000/_next/static/chunks/node_modules_next_dist_115brz8._.js:2431
[ 4452095ms] [LOG] [Fast Refresh] done in 125ms @ http://localhost:3000/_next/static/chunks/node_modules_next_dist_115brz8._.js:2431
[ 4454761ms] [WARNING] The resource http://localhost:3000/_next/static/chunks/src_app_%5Blocale%5D_not-found_module_0onp7n7.css was preloaded using link preload but not used within a few seconds from the window's load event. Please make sure it has an appropriate `as` value and it is preloaded intentionally. @ http://localhost:3000/ru:0
[ 4454761ms] [WARNING] The resource http://localhost:3000/_next/static/chunks/src_app_not-found_module_0y2~y97.css was preloaded using link preload but not used within a few seconds from the window's load event. Please make sure it has an appropriate `as` value and it is preloaded intentionally. @ http://localhost:3000/ru:0
[ 4476300ms] [LOG] [Fast Refresh] rebuilding @ http://localhost:3000/_next/static/chunks/node_modules_next_dist_115brz8._.js:2431
[ 4476424ms] [LOG] [Fast Refresh] done in 228ms @ http://localhost:3000/_next/static/chunks/node_modules_next_dist_115brz8._.js:2431
[ 4529140ms] [LOG] [Fast Refresh] rebuilding @ http://localhost:3000/_next/static/chunks/node_modules_next_dist_115brz8._.js:2431
[ 4529788ms] [LOG] [Fast Refresh] done in 11ms @ http://localhost:3000/_next/static/chunks/node_modules_next_dist_115brz8._.js:2431
[ 4529805ms] [LOG] %c%s%c Generating import map background: #e6e6e6;background: light-dark(rgba(0,0,0,0.1), rgba(255,255,255,0.25));color: #000000;color: light-dark(#000000, #ffffff);border-radius: 2px  Server   @ http://localhost:3000/_next/static/chunks/node_modules_next_dist_115brz8._.js:2431
[ 4530447ms] [LOG] %c%s%c No new imports found, skipping writing import map background: #e6e6e6;background: light-dark(rgba(0,0,0,0.1), rgba(255,255,255,0.25));color: #000000;color: light-dark(#000000, #ffffff);border-radius: 2px  Server   @ http://localhost:3000/_next/static/chunks/node_modules_next_dist_115brz8._.js:2431
[ 4530593ms] [LOG] [Fast Refresh] rebuilding @ http://localhost:3000/_next/static/chunks/node_modules_next_dist_115brz8._.js:2431
[ 4531707ms] [LOG] [Fast Refresh] done in 1220ms @ http://localhost:3000/_next/static/chunks/node_modules_next_dist_115brz8._.js:2431
[ 4531977ms] [LOG] [Fast Refresh] rebuilding @ http://localhost:3000/_next/static/chunks/node_modules_next_dist_115brz8._.js:2431
[ 4532516ms] [LOG] [Fast Refresh] done in 642ms @ http://localhost:3000/_next/static/chunks/node_modules_next_dist_115brz8._.js:2431
[ 4532545ms] [WARNING] The resource http://localhost:3000/_next/static/chunks/src_app_%5Blocale%5D_not-found_module_0onp7n7.css was preloaded using link preload but not used within a few seconds from the window's load event. Please make sure it has an appropriate `as` value and it is preloaded intentionally. @ http://localhost:3000/ru:0
[ 4532545ms] [WARNING] The resource http://localhost:3000/_next/static/chunks/src_app_not-found_module_0y2~y97.css was preloaded using link preload but not used within a few seconds from the window's load event. Please make sure it has an appropriate `as` value and it is preloaded intentionally. @ http://localhost:3000/ru:0
[ 4535797ms] [WARNING] The resource http://localhost:3000/_next/static/chunks/src_app_%5Blocale%5D_not-found_module_0onp7n7.css was preloaded using link preload but not used within a few seconds from the window's load event. Please make sure it has an appropriate `as` value and it is preloaded intentionally. @ http://localhost:3000/ru:0
[ 4535797ms] [WARNING] The resource http://localhost:3000/_next/static/chunks/src_app_not-found_module_0y2~y97.css was preloaded using link preload but not used within a few seconds from the window's load event. Please make sure it has an appropriate `as` value and it is preloaded intentionally. @ http://localhost:3000/ru:0
[ 4562435ms] [LOG] [Fast Refresh] rebuilding @ http://localhost:3000/_next/static/chunks/node_modules_next_dist_115brz8._.js:2431
[ 4562534ms] [LOG] [Fast Refresh] done in 206ms @ http://localhost:3000/_next/static/chunks/node_modules_next_dist_115brz8._.js:2431
[ 4642012ms] [LOG] [Fast Refresh] rebuilding @ http://localhost:3000/_next/static/chunks/node_modules_next_dist_115brz8._.js:2431
[ 4642020ms] [LOG] [Fast Refresh] done in 113ms @ http://localhost:3000/_next/static/chunks/node_modules_next_dist_115brz8._.js:2431
[ 4654267ms] [LOG] [Fast Refresh] rebuilding @ http://localhost:3000/_next/static/chunks/node_modules_next_dist_115brz8._.js:2431
[ 4654291ms] [LOG] [Fast Refresh] done in 128ms @ http://localhost:3000/_next/static/chunks/node_modules_next_dist_115brz8._.js:2431
[ 4654450ms] [LOG] [Fast Refresh] rebuilding @ http://localhost:3000/_next/static/chunks/node_modules_next_dist_115brz8._.js:2431
[ 4654459ms] [LOG] [Fast Refresh] done in 114ms @ http://localhost:3000/_next/static/chunks/node_modules_next_dist_115brz8._.js:2431
[ 4668578ms] [ERROR] WebSocket connection to 'ws://localhost:3000/_next/webpack-hmr?id=SNdQR0xF9As57yuyRw2oI' failed: Error in connection establishment: net::ERR_CONNECTION_REFUSED @ http://localhost:3000/_next/static/chunks/node_modules_next_dist_client_0fhqo1d._.js:13299
[ 4670462ms] [LOG] [HMR] connected @ http://localhost:3000/_next/static/chunks/node_modules_next_dist_115brz8._.js:2431
[ 4673466ms] [WARNING] The resource http://localhost:3000/_next/static/chunks/src_app_%5Blocale%5D_not-found_module_0onp7n7.css was preloaded using link preload but not used within a few seconds from the window's load event. Please make sure it has an appropriate `as` value and it is preloaded intentionally. @ http://localhost:3000/ru:0
[ 4673466ms] [WARNING] The resource http://localhost:3000/_next/static/chunks/src_app_not-found_module_0y2~y97.css was preloaded using link preload but not used within a few seconds from the window's load event. Please make sure it has an appropriate `as` value and it is preloaded intentionally. @ http://localhost:3000/ru:0
[ 4696112ms] [WARNING] WebGL: CONTEXT_LOST_WEBGL: loseContext: context lost @ http://localhost:3000/ru:0
[ 4696144ms] [ERROR] Error: vector: internal error
    at Te._46_onVectorError (https://yastatic.net/s3/front-maps-static/maps-front-jsapi-3/3.0.19287993/out/yandex/build/bundles/main.js:1:369499)
    at https://yastatic.net/s3/front-maps-static/maps-front-jsapi-3/3.0.19287993/out/yandex/build/bundles/main.js:1:368133
    at re._emit (https://yastatic.net/s3/front-maps-static/maps-front-jsapi-3/3.0.19287993/out/yandex/build/bundles/main.js:1:215937)
    at https://yastatic.net/s3/front-maps-static/maps-front-jsapi-3/3.0.19287993/out/yandex/build/bundles/vector.js:1:27990
    at m.fire (https://yastatic.net/s3/front-maps-static/maps-front-jsapi-3/3.0.19287993/out/yandex/build/bundles/vector.js:1:87005)
    at push.63282.Bi.constructor._onContextLost (https://yastatic.net/s3/front-maps-static/maps-front-jsapi-3/3.0.19287993/out/yandex/build/bundles/vector.js:1:167637)
    at m.fire (https://yastatic.net/s3/front-maps-static/maps-front-jsapi-3/3.0.19287993/out/yandex/build/bundles/vector.js:1:87005)
    at push.63282.ki.constructor._contextLostListener (https://yastatic.net/s3/front-maps-static/maps-front-jsapi-3/3.0.19287993/out/yandex/build/bundles/vector.js:1:177418) @ http://localhost:3000/_next/static/chunks/node_modules_next_dist_115brz8._.js:3272
[ 4700070ms] [WARNING] The resource http://localhost:3000/_next/static/chunks/src_app_%5Blocale%5D_not-found_module_0onp7n7.css was preloaded using link preload but not used within a few seconds from the window's load event. Please make sure it has an appropriate `as` value and it is preloaded intentionally. @ http://localhost:3000/ru:0
[ 4700071ms] [WARNING] The resource http://localhost:3000/_next/static/chunks/src_app_not-found_module_0y2~y97.css was preloaded using link preload but not used within a few seconds from the window's load event. Please make sure it has an appropriate `as` value and it is preloaded intentionally. @ http://localhost:3000/ru:0
[ 4704079ms] [INFO] %cDownload the React DevTools for a better development experience: https://react.dev/link/react-devtools font-weight:bold @ http://localhost:3000/_next/static/chunks/node_modules_next_dist_115brz8._.js:2431
[ 4704143ms] [LOG] [HMR] connected @ http://localhost:3000/_next/static/chunks/node_modules_next_dist_115brz8._.js:2431
[ 4704571ms] [WARNING] Package @yandex/controls@0.0.1 is deprecated. Please use https://www.npmjs.com/package/@yandex/ymaps3-default-ui-theme instead. @ http://localhost:3000/_next/static/chunks/node_modules_next_dist_115brz8._.js:2431
[ 4709067ms] [LOG] [Fast Refresh] rebuilding @ http://localhost:3000/_next/static/chunks/node_modules_next_dist_115brz8._.js:2431
[ 4709101ms] [LOG] [Fast Refresh] done in 135ms @ http://localhost:3000/_next/static/chunks/node_modules_next_dist_115brz8._.js:2431
[ 4711979ms] [WARNING] The resource http://localhost:3000/_next/static/chunks/src_app_%5Blocale%5D_not-found_module_0onp7n7.css was preloaded using link preload but not used within a few seconds from the window's load event. Please make sure it has an appropriate `as` value and it is preloaded intentionally. @ http://localhost:3000/ru:0
[ 4711979ms] [WARNING] The resource http://localhost:3000/_next/static/chunks/src_app_not-found_module_0y2~y97.css was preloaded using link preload but not used within a few seconds from the window's load event. Please make sure it has an appropriate `as` value and it is preloaded intentionally. @ http://localhost:3000/ru:0
[ 4715032ms] [LOG] [Fast Refresh] rebuilding @ http://localhost:3000/_next/static/chunks/node_modules_next_dist_115brz8._.js:2431
[ 4715269ms] [LOG] [Fast Refresh] done in 339ms @ http://localhost:3000/_next/static/chunks/node_modules_next_dist_115brz8._.js:2431
[ 4717019ms] [LOG] [Fast Refresh] rebuilding @ http://localhost:3000/_next/static/chunks/node_modules_next_dist_115brz8._.js:2431
[ 4717448ms] [LOG] [Fast Refresh] done in 534ms @ http://localhost:3000/_next/static/chunks/node_modules_next_dist_115brz8._.js:2431
[ 4718077ms] [LOG] [Fast Refresh] rebuilding @ http://localhost:3000/_next/static/chunks/node_modules_next_dist_115brz8._.js:2431
[ 4718101ms] [LOG] [Fast Refresh] done in 128ms @ http://localhost:3000/_next/static/chunks/node_modules_next_dist_115brz8._.js:2431
[ 4718353ms] [LOG] [Fast Refresh] rebuilding @ http://localhost:3000/_next/static/chunks/node_modules_next_dist_115brz8._.js:2431
[ 4718407ms] [LOG] [Fast Refresh] done in 156ms @ http://localhost:3000/_next/static/chunks/node_modules_next_dist_115brz8._.js:2431
[ 4720321ms] [WARNING] The resource http://localhost:3000/_next/static/chunks/src_app_%5Blocale%5D_not-found_module_0onp7n7.css was preloaded using link preload but not used within a few seconds from the window's load event. Please make sure it has an appropriate `as` value and it is preloaded intentionally. @ http://localhost:3000/ru:0
[ 4720322ms] [WARNING] The resource http://localhost:3000/_next/static/chunks/src_app_not-found_module_0y2~y97.css was preloaded using link preload but not used within a few seconds from the window's load event. Please make sure it has an appropriate `as` value and it is preloaded intentionally. @ http://localhost:3000/ru:0
